date,cases_diff,daily_cases,total_cases,daily_doses,total_doses,hospitalised,icu,vent,daily_deaths,deaths,pcr_tests,temp_celc,lockdown_level,schools_closed,restaurants_closed,home_gatherings,outdoor_gatherings,masks_mandate,international_travel,
01/27/2020,0,0,1,0,0,0,0,0,0,0,0,7,0,0,0,500,1000,0,0,
01/28/2020,0,0,1,0,0,0,0,0,0,0,0,7,0,0,0,500,1000,0,0,
01/29/2020,2,2,3,0,0,0,0,0,0,0,0,8,0,0,0,500,1000,0,0,
01/30/2020,-2,0,3,0,0,0,0,0,0,0,0,6,0,0,0,500,1000,0,0,
01/31/2020,0,0,3,0,0,0,0,0,0,0,0,10,0,0,0,500,1000,0,0,
02/01/2020,1,1,4,0,0,0,0,0,0,0,0,7,0,0,0,500,1000,0,0,
02/02/2020,-1,0,4,0,0,0,0,0,0,0,0,3,0,0,0,500,1000,0,0,
02/03/2020,0,0,4,0,0,0,0,0,0,0,0,2,0,0,0,500,1000,0,0,
02/04/2020,0,0,4,0,0,0,0,0,0,0,0,3,0,0,0,500,1000,0,0,
02/05/2020,0,0,4,0,0,0,0,0,0,0,0,4,0,0,0,500,1000,0,0,
02/06/2020,0,0,4,0,0,0,0,0,0,0,0,5,0,0,0,500,1000,0,0,
02/07/2020,0,0,4,0,0,0,0,0,0,0,0,6,0,0,0,500,1000,0,0,
02/08/2020,0,0,4,0,0,0,0,0,0,0,0,7,0,0,0,500,1000,0,0,
02/09/2020,0,0,4,0,0,0,0,0,0,0,0,4,0,0,0,500,1000,0,0,
02/10/2020,0,0,4,0,0,0,0,0,0,0,0,5,0,0,0,500,1000,0,0,
02/11/2020,0,0,4,0,0,0,0,0,0,0,0,7,0,0,0,500,1000,0,0,
02/12/2020,0,0,4,0,0,0,0,0,0,0,0,6,0,0,0,500,1000,0,0,
02/13/2020,0,0,4,0,0,0,0,0,0,0,0,6,0,0,0,500,1000,0,0,
02/14/2020,0,0,4,0,0,0,0,0,0,0,0,6,0,0,0,500,1000,0,0,
02/15/2020,0,0,4,0,0,0,0,0,0,0,0,6,0,0,0,500,1000,0,0,
02/16/2020,0,0,4,0,0,0,0,0,0,0,0,6,0,0,0,500,1000,0,0,
02/17/2020,0,0,4,0,0,0,0,0,0,0,0,4,0,0,0,500,1000,0,1,
02/18/2020,0,0,4,0,0,0,0,0,0,0,0,4,0,0,0,500,1000,0,1,
02/19/2020,0,0,4,0,0,0,0,0,0,0,0,5,0,0,0,500,1000,0,1,
02/20/2020,0,0,4,0,0,0,0,0,0,0,0,5,0,0,0,500,1000,0,1,
02/21/2020,0,0,4,0,0,0,0,0,0,0,0,6,0,0,0,500,1000,0,1,
02/22/2020,0,0,4,0,0,0,0,0,0,0,0,7,0,0,0,500,1000,0,1,
02/23/2020,0,0,4,0,0,0,0,0,0,0,0,6,0,0,0,500,1000,0,1,
02/24/2020,0,0,4,0,0,0,0,0,0,0,0,6,0,0,0,500,1000,0,1,
02/25/2020,0,0,4,0,0,0,0,0,0,0,0,5,0,0,0,500,1000,0,1,
02/26/2020,0,0,4,0,0,0,0,0,0,0,0,7,0,0,0,500,1000,0,1,
02/27/2020,3,3,7,0,0,0,0,0,0,0,0,8,0,0,0,500,1000,0,1,
02/28/2020,-3,0,7,0,0,0,0,0,0,0,0,6,0,0,0,500,1000,0,1,
02/29/2020,0,0,7,0,0,0,0,0,0,0,0,6,0,0,0,500,1000,0,1,
03/01/2020,2,2,9,0,0,0,0,0,0,0,0,5,0,0,0,500,1000,0,1,
03/02/2020,-2,0,9,0,0,0,0,0,0,0,0,6,0,0,0,500,1000,0,1,
03/03/2020,0,0,9,0,0,0,0,0,0,0,0,8,0,0,0,500,1000,0,1,
03/04/2020,1,1,10,0,0,0,0,0,0,0,0,7,0,0,0,500,1000,0,1,
03/05/2020,-1,0,10,0,0,0,0,0,0,0,0,6,0,0,0,500,1000,0,1,
03/06/2020,0,0,10,0,0,0,0,0,0,0,0,5,0,0,0,500,1000,0,1,
03/07/2020,1,1,11,0,0,0,0,0,0,0,0,4,0,0,0,500,1000,0,1,
03/08/2020,0,1,12,0,0,0,0,0,0,0,0,4,0,0,0,500,1000,0,1,
03/09/2020,2,3,15,0,0,0,0,0,0,0,0,4,0,0,0,500,1000,0,1,
03/10/2020,0,3,18,0,0,0,0,0,0,0,0,6,0,0,0,500,1000,0,1,
03/11/2020,0,3,21,0,0,0,0,0,0,0,0,7,0,0,0,500,1000,0,1,
03/12/2020,3,6,27,0,0,0,0,0,0,0,0,5,0,0,0,500,1000,0,1,
03/13/2020,3,9,36,0,0,0,0,0,0,0,0,4,0,0,0,500,1000,0,1,
03/14/2020,4,13,49,0,0,0,0,0,0,0,0,1,0,0,0,500,1000,0,1,
03/15/2020,-5,8,57,0,0,0,0,0,0,0,0,3,0,0,0,500,1000,0,1,
03/16/2020,6,14,71,0,0,0,0,0,0,0,11700,6,0,0,0,500,1000,0,1,
03/17/2020,9,23,94,0,0,7,0,0,0,0,14200,6,0,0,0,500,1000,0,1,
03/18/2020,4,27,121,0,0,6,0,0,0,0,15200,7,0,0,0,500,1000,0,1,
03/19/2020,2,29,150,0,0,7,0,0,0,0,17180,6,0,0,0,500,1000,0,1,
03/20/2020,-1,28,178,0,0,7,0,0,0,0,19337,8,0,0,0,500,1000,0,1,
03/21/2020,23,51,229,0,0,7,0,0,0,0,20500,7,0,0,0,500,1000,0,1,
03/22/2020,16,67,296,0,0,6,0,0,0,0,22900,7,0,0,0,500,1000,0,1,
03/23/2020,-8,59,355,0,0,6,0,0,0,0,23700,7,0,0,0,500,1000,0,1,
03/24/2020,-3,56,411,0,0,12,2,0,0,0,25000,6,0,0,0,500,1000,0,1,
03/25/2020,-1,55,466,0,0,12,2,0,0,0,25500,7,0,0,0,500,1000,0,1,
03/26/2020,-1,54,520,0,0,14,3,0,3,3,26900,7,0,0,0,500,1000,0,1,
03/27/2020,0,54,574,0,0,22,3,0,0,3,31000,7,0,0,0,500,1000,0,1,
03/28/2020,57,111,685,0,0,21,3,0,0,3,35000,8,0,0,0,500,1000,0,1,
03/29/2020,-27,84,769,0,0,26,4,0,1,4,39000,8,0,0,0,500,1000,0,1,
03/30/2020,-28,56,821,0,0,29,4,0,0,4,42000,6,0,0,0,500,1000,0,1,
03/31/2020,40,96,917,0,0,29,4,0,0,4,45000,6,5,1,1,0,2,1,1,
04/01/2020,-45,51,968,0,0,32,6,0,0,4,47000,6,5,1,1,0,2,1,1,
04/02/2020,17,68,1036,0,0,34,6,0,2,6,49000,5,5,1,1,0,2,1,1,
04/03/2020,-19,49,1085,0,0,37,7,0,1,7,51000,5,5,1,1,0,2,1,1,
04/04/2020,-19,30,1115,0,0,42,10,0,1,8,54000,6,5,1,1,0,2,1,1,
04/05/2020,-10,20,1135,0,0,47,11,0,0,8,56000,7,5,1,1,0,2,1,1,
04/06/2020,3,23,1158,0,0,45,11,0,2,10,57000,8,5,1,1,0,2,1,1,
04/07/2020,10,33,1191,0,0,47,13,0,1,11,58000,8,5,1,1,0,2,1,1,
04/08/2020,-12,21,1212,0,0,45,12,0,1,12,60000,9,5,1,1,0,2,1,1,
04/09/2020,-5,16,1228,0,0,50,13,0,0,12,62000,9,5,1,1,0,2,1,1,
04/10/2020,-3,13,1241,0,0,43,13,0,1,13,65000,9,5,1,1,0,2,1,1,
04/11/2020,11,24,1265,0,0,44,15,0,1,14,67000,10,5,1,1,0,2,1,1,
04/12/2020,-21,3,1268,0,0,44,16,0,0,14,69000,10,5,1,1,0,2,1,1,
04/13/2020,10,13,1281,0,0,40,14,0,0,14,70000,10,5,1,1,0,2,1,1,
04/14/2020,-3,10,1291,0,0,40,15,0,0,14,71000,10,5,1,1,0,2,1,1,
04/15/2020,-2,8,1299,0,0,39,18,12,0,14,72000,11,5,1,1,0,2,1,1,
04/16/2020,-6,2,1301,0,0,39,18,9,0,14,73000,12,5,1,1,0,2,1,1,
04/17/2020,-1,1,1302,0,0,32,13,9,0,14,75000,9,5,1,1,0,2,1,1,
04/18/2020,16,17,1319,0,0,30,12,8,0,14,79000,11,5,1,1,0,2,1,1,
04/19/2020,-8,9,1328,0,0,29,10,8,1,15,82000,10,5,1,1,0,2,1,1,
04/20/2020,-8,1,1329,0,0,28,11,9,0,15,86000,11,5,1,1,0,2,1,1,
04/21/2020,6,7,1336,0,0,28,12,9,0,15,88000,10,5,1,1,0,2,1,1,
04/22/2020,-5,2,1336,0,0,29,12,8,0,15,90000,9,5,1,1,0,2,1,1,
04/23/2020,-1,1,1337,0,0,27,10,7,1,16,93000,11,5,1,1,0,2,1,1,
04/24/2020,5,6,1343,0,0,27,11,7,0,16,96000,10,5,1,1,0,2,1,1,
04/25/2020,-3,3,1346,0,0,24,11,7,0,16,98000,11,5,1,1,0,2,1,1,
04/26/2020,0,3,1349,0,0,21,10,5,1,17,101000,11,5,1,1,0,2,1,1,
04/27/2020,-2,1,1349,0,0,23,11,6,0,17,104000,11,5,1,1,0,2,1,1,
04/28/2020,1,2,1351,0,0,23,11,6,0,17,109049,10,5,1,1,0,2,1,1,
04/29/2020,1,3,1354,0,0,18,9,6,1,18,111092,11,5,1,1,0,2,1,1,
04/30/2020,4,7,1361,0,0,18,9,5,0,18,115118,11,5,1,1,0,2,1,1,
05/01/2020,-4,3,1364,0,0,16,7,5,0,18,123707,11,5,1,1,0,2,1,1,
05/02/2020,4,7,1371,0,0,12,7,5,0,18,129228,11,5,1,1,0,2,1,1,
05/03/2020,6,13,1384,0,0,12,7,5,0,18,138433,9,5,1,1,0,2,1,1,
05/04/2020,9,22,1406,0,0,11,6,6,0,18,146661,10,5,1,1,0,2,1,1,
05/05/2020,-5,17,1423,0,0,12,6,5,0,18,151977,12,5,1,1,0,2,1,1,
05/06/2020,0,17,1440,0,0,8,6,5,0,18,162077,12,5,1,1,0,2,1,1,
05/07/2020,-3,14,1454,0,0,8,6,5,0,18,176507,12,5,1,1,0,2,1,1,
05/08/2020,-1,13,1467,0,0,8,6,4,0,18,193265,17,5,1,1,0,2,1,1,
05/09/2020,-2,11,1477,0,0,7,6,4,0,18,209905,19,5,1,1,0,2,1,1,
05/10/2020,-1,10,1487,0,0,7,5,4,0,18,226889,20,5,1,1,0,2,1,1,
05/11/2020,-3,7,1494,0,0,7,5,4,0,18,245326,16,5,1,1,0,2,1,1,
05/12/2020,10,17,1509,0,0,8,4,4,0,18,258451,12,4,1,1,0,2,1,1,
05/13/2020,-10,7,1514,0,0,9,6,4,0,18,273255,12,4,1,1,5,10,1,1,
05/14/2020,2,9,1523,0,0,9,6,4,0,18,289441,12,4,1,1,5,10,1,1,
05/15/2020,12,21,1543,0,0,9,7,5,0,18,309459,12,4,1,1,5,10,1,1,
05/16/2020,-10,11,1554,0,0,11,7,5,0,18,323970,12,4,1,1,5,10,1,1,
05/17/2020,-4,7,1561,0,0,11,7,6,0,18,338219,12,4,1,1,5,10,1,1,
05/18/2020,-1,6,1567,0,0,9,5,4,0,18,345290,12,4,1,1,5,10,1,1,
05/19/2020,0,6,1573,0,0,11,5,4,0,18,358120,13,4,1,1,5,10,1,1,
05/20/2020,2,8,1580,0,0,10,5,4,0,18,367272,13,4,1,1,5,10,1,1,
05/21/2020,-4,4,1581,0,0,10,5,4,0,18,378673,11,4,1,1,5,10,1,1,
05/22/2020,8,12,1593,0,0,10,5,4,0,18,393103,12,4,1,1,5,10,1,1,
05/23/2020,-2,10,1602,0,0,10,3,3,1,19,398826,12,4,1,1,5,10,1,1,
05/24/2020,-8,2,1603,0,0,9,3,3,0,19,420246,12,4,1,1,5,10,1,1,
05/25/2020,0,2,1605,0,0,8,3,3,0,19,431878,12,4,1,1,5,10,1,1,
05/26/2020,3,5,1610,0,0,8,3,3,0,19,437406,13,4,1,1,5,10,1,1,
05/27/2020,3,8,1618,0,0,8,4,1,0,19,470832,15,4,1,1,5,10,1,1,
05/28/2020,2,10,1628,0,0,8,3,1,0,19,480693,17,4,1,1,5,10,1,1,
05/29/2020,-3,7,1634,0,0,7,2,1,0,19,493085,15,4,1,1,5,10,1,1,
05/30/2020,4,11,1645,0,0,7,2,1,0,19,501565,12,4,1,1,5,10,1,1,
05/31/2020,-5,6,1649,0,0,6,2,1,0,19,509691,13,4,1,1,5,10,1,1,
06/01/2020,-2,4,1653,0,0,6,1,1,0,19,515541,12,3,1,0,10,20,1,1,
06/02/2020,6,10,1663,0,0,9,2,1,0,19,521359,11,3,1,0,10,20,1,1,
06/03/2020,-3,7,1670,0,0,9,2,1,0,19,526507,12,3,1,0,10,20,1,1,
06/04/2020,1,8,1678,0,0,7,2,1,0,19,536190,12,3,1,0,10,20,1,1,
06/05/2020,-5,3,1681,0,0,7,1,1,0,19,542958,12,3,1,0,10,20,1,1,
06/06/2020,-3,0,1681,0,0,8,3,1,0,19,530816,12,3,1,0,10,20,1,1,
06/07/2020,4,4,1685,0,0,6,2,1,0,19,539956,13,3,1,0,10,20,1,1,
06/08/2020,-2,2,1687,0,0,7,2,1,0,19,543708,13,3,1,0,10,20,1,1,
06/09/2020,-2,0,1687,0,0,7,1,0,0,19,547889,12,3,1,0,10,20,1,1,
06/10/2020,4,4,1691,0,0,9,2,1,0,19,557844,14,3,1,0,10,20,1,1,
06/11/2020,4,8,1699,0,0,6,1,1,0,19,564192,14,3,1,0,10,20,1,1,
06/12/2020,-4,4,1703,0,0,5,1,1,0,19,572985,13,3,1,0,10,20,1,1,
06/13/2020,4,8,1711,0,0,5,1,1,0,19,582514,13,3,1,0,10,20,1,1,
06/14/2020,1,9,1720,0,0,6,2,1,0,19,590853,13,3,1,0,10,20,1,1,
06/15/2020,3,12,1732,0,0,7,3,1,0,19,594865,13,3,1,0,10,20,1,1,
06/16/2020,-3,9,1741,0,0,6,2,1,0,19,599895,13,3,1,0,10,20,1,1,
06/17/2020,12,21,1762,0,0,5,2,1,0,19,608826,15,3,1,0,10,20,1,1,
06/18/2020,-3,18,1780,0,0,4,2,2,0,19,621226,14,3,1,0,10,20,1,1,
06/19/2020,-5,13,1792,0,0,5,2,1,0,19,635897,15,3,1,0,10,20,1,1,
06/20/2020,12,25,1817,0,0,6,3,1,0,19,645401,15,3,1,0,10,20,1,1,
06/21/2020,-6,19,1836,0,0,7,2,2,0,19,660801,16,3,1,0,10,20,1,1,
06/22/2020,-3,16,1847,0,0,9,2,2,0,19,667115,14,4,1,0,5,10,1,1,
06/23/2020,1,17,1864,0,0,9,3,0,0,19,675264,16,4,1,0,5,10,1,1,
06/24/2020,3,20,1884,0,0,7,2,0,1,20,696263,17,4,1,0,5,10,1,1,
06/25/2020,13,33,1917,0,0,7,2,0,0,20,716567,15,4,1,0,5,10,1,1,
06/26/2020,-3,30,1947,0,0,6,1,0,0,20,736735,16,4,1,0,5,10,1,1,
06/27/2020,11,41,1987,0,0,5,1,0,0,20,758838,14,4,1,0,5,10,1,1,
06/28/2020,8,49,2028,0,0,7,1,0,0,20,776792,15,4,1,0,5,10,1,1,
06/29/2020,26,75,2099,0,0,9,1,0,0,20,792173,14,4,1,0,5,10,1,1,
06/30/2020,-11,64,2159,0,0,9,1,0,0,20,809589,15,4,1,0,5,10,1,1,
07/01/2020,9,73,2231,0,0,15,2,0,0,20,830271,13,4,1,0,5,10,1,1,
07/02/2020,4,77,2303,0,0,20,4,0,0,20,856591,13,4,1,0,5,10,1,1,
07/03/2020,-11,66,2368,0,0,23,6,0,0,20,881021,12,4,1,0,5,10,1,1,
07/04/2020,42,108,2469,0,0,25,3,0,0,20,906574,14,4,1,0,5,10,1,1,
07/05/2020,-34,74,2536,0,0,26,3,0,0,20,928171,14,4,1,0,5,10,1,1,
07/06/2020,53,127,2660,0,0,31,5,0,2,22,952699,15,4,1,0,5,10,1,1,
07/07/2020,64,191,2824,0,0,35,9,0,0,22,979253,15,4,1,0,5,10,1,1,
07/08/2020,-57,134,2942,0,0,41,7,0,0,22,1008677,14,4,0,0,5,10,1,1,
07/09/2020,31,165,3098,0,0,40,9,0,0,22,1030462,14,5,1,1,0,0,1,1,
07/10/2020,123,288,3379,0,0,47,12,0,0,22,1068050,14,5,1,1,0,0,1,1,
07/11/2020,-72,216,3560,0,0,49,15,0,1,23,1095219,13,5,1,1,0,0,1,1,
07/12/2020,57,273,3799,0,0,57,16,0,1,24,1125414,15,5,1,1,0,0,1,1,
07/13/2020,-96,177,3967,0,0,72,17,0,0,24,1148357,14,5,1,1,0,0,1,1,
07/14/2020,93,270,4224,0,0,85,26,21,2,26,1170352,15,5,1,1,0,0,1,1,
07/15/2020,-32,238,4448,0,0,105,27,21,1,27,1197392,16,5,1,1,0,0,1,1,
07/16/2020,79,317,4750,0,0,109,29,22,2,29,1225999,18,5,1,1,0,0,1,1,
07/17/2020,111,428,5165,0,0,122,31,22,3,32,1250408,17,5,1,1,0,0,1,1,
07/18/2020,-211,217,5353,0,0,110,25,18,3,35,1278512,16,5,1,1,0,0,1,1,
07/19/2020,146,363,5696,0,0,130,28,18,3,38,1305186,17,5,1,1,0,0,1,1,
07/20/2020,-88,275,5942,0,0,147,31,16,1,39,1331774,19,5,1,1,0,0,1,1,
07/21/2020,99,374,6289,0,0,174,36,22,3,42,1361238,18,5,1,1,0,0,1,1,
07/22/2020,110,484,6739,0,0,205,40,24,2,44,1385964,16,5,1,1,0,0,1,1,
07/23/2020,-81,403,7125,0,0,201,40,24,5,49,1413115,16,5,1,1,0,0,1,1,
07/24/2020,-103,300,7405,0,0,206,41,23,7,56,1437233,16,5,1,1,0,0,1,1,
07/25/2020,57,357,7744,0,0,229,42,22,5,61,1457546,14,5,1,1,0,0,1,1,
07/26/2020,102,459,8181,0,0,228,42,21,10,71,1500519,19,5,1,1,0,0,1,1,
07/27/2020,73,532,8696,0,0,245,44,23,6,77,1518107,20,5,1,1,0,0,1,1,
07/28/2020,-148,384,9049,0,0,260,42,23,6,83,1536628,18,5,1,1,0,0,1,1,
07/29/2020,-89,295,9304,0,0,307,41,23,9,92,1554705,16,5,1,1,0,0,1,1,
07/30/2020,428,723,9998,0,0,312,34,23,14,106,1574626,18,5,1,1,0,0,1,1,
07/31/2020,-96,627,10577,0,0,349,36,23,7,113,1608452,18,5,1,1,0,0,1,1,
08/01/2020,-230,397,10931,0,0,379,41,24,3,116,1633953,16,5,1,1,0,0,1,1,
08/02/2020,274,671,11557,0,0,385,38,26,7,123,1653047,16,5,1,1,0,0,1,1,
08/03/2020,-242,429,11937,0,0,416,35,26,13,136,1676953,16,5,1,1,0,0,1,1,
08/04/2020,10,439,12335,0,0,456,38,29,11,147,1697953,17,5,1,1,0,0,1,1,
08/05/2020,286,725,13035,0,0,538,42,30,15,162,1721953,17,5,1,1,0,0,1,1,
08/06/2020,-254,471,13469,0,0,575,42,30,8,170,1746900,16,5,1,1,0,0,1,1,
08/07/2020,-21,450,13867,0,0,607,41,28,11,181,1771953,15,5,1,1,0,0,1,1,
08/08/2020,16,466,14283,0,0,636,44,29,12,193,1759969,15,5,1,1,0,0,1,1,
08/09/2020,-72,394,14659,0,0,634,43,26,16,209,1801385,15,5,1,1,0,0,1,1,
08/10/2020,-72,322,14957,0,0,640,48,31,18,227,1820598,15,5,1,1,0,0,1,1,
08/11/2020,9,331,15251,0,0,650,43,24,19,246,1854688,15,5,1,1,0,0,1,1,
08/12/2020,79,410,15646,0,0,662,43,25,21,267,1874615,14,5,1,1,0,0,1,1,
08/13/2020,-132,278,15863,0,0,664,37,25,8,275,1895566,14,5,1,1,0,0,1,1,
08/14/2020,94,372,16234,0,0,659,41,26,14,289,1914474,16,5,1,1,0,0,1,1,
08/15/2020,-69,303,16517,0,0,661,41,28,4,293,1937736,19,5,1,1,0,0,1,1,
08/16/2020,-24,279,16764,0,0,662,40,29,16,309,1959302,21,5,1,1,0,0,1,1,
08/17/2020,3,282,17027,0,0,657,44,32,25,334,1975030,20,5,1,1,0,0,1,1,
08/18/2020,-60,222,17238,0,0,665,45,32,17,351,1992725,18,5,1,1,0,0,1,1,
08/19/2020,-6,216,17446,0,0,675,44,29,12,363,2008630,15,5,1,1,0,0,1,1,
08/20/2020,24,240,17683,0,0,622,43,28,13,376,2028909,16,5,1,1,0,0,1,1,
08/21/2020,-61,179,17852,0,0,626,40,25,9,385,2049235,15,5,1,1,0,0,1,1,
08/22/2020,3,182,18029,0,0,610,36,22,13,398,2070581,15,5,1,1,0,0,1,1,
08/23/2020,26,208,18231,0,0,585,32,21,17,415,2091328,15,5,1,1,0,0,1,1,
08/24/2020,-92,116,18330,0,0,629,31,17,15,430,2106139,15,5,1,1,0,0,1,1,
08/25/2020,32,148,18464,0,0,617,35,19,8,438,2119199,15,5,1,1,0,0,1,1,
08/26/2020,1,149,18608,0,0,578,39,16,24,462,2132679,15,5,1,1,0,0,1,1,
08/27/2020,-36,113,18714,0,0,532,29,11,22,484,2158149,14,5,1,1,0,0,1,1,
08/28/2020,0,113,18822,0,0,513,29,17,11,495,2178012,16,5,1,1,0,0,1,1,
08/29/2020,-19,94,18903,0,0,481,26,17,18,513,2196126,14,5,1,1,0,0,1,1,
08/30/2020,20,114,19015,0,0,472,25,11,11,524,2210447,13,5,1,1,0,0,1,1,
08/31/2020,-41,73,19080,0,0,453,21,13,41,565,2224887,14,5,1,1,0,0,1,1,
09/01/2020,-3,70,19138,0,0,421,20,7,5,570,2235040,14,5,1,1,0,0,1,1,
09/02/2020,20,90,19224,0,0,406,18,13,6,576,2248952,16,5,1,1,0,0,1,1,
09/03/2020,23,113,19336,0,0,361,20,15,15,591,2331261,17,5,1,1,0,0,1,1,
09/04/2020,-32,81,19415,0,0,329,20,13,59,650,2356292,18,5,1,1,0,0,1,1,
09/05/2020,-5,76,19479,0,0,298,21,15,11,661,2372112,15,5,1,1,0,0,1,1,
09/06/2020,-13,63,19538,0,0,283,19,16,5,666,2390450,15,5,1,1,0,0,1,1,
09/07/2020,-22,41,19574,0,0,266,25,17,9,675,2403388,19,5,1,1,0,0,1,1,
09/08/2020,14,55,19615,0,0,238,22,13,8,683,2412092,19,5,1,1,0,0,1,1,
09/09/2020,21,76,19688,0,0,196,20,12,11,694,2428778,19,5,1,1,0,0,1,1,
09/10/2020,-25,51,19728,0,0,169,17,11,7,701,2443583,20,5,1,1,0,0,1,1,
09/11/2020,-8,43,19767,0,0,140,12,8,9,710,2456924,16,5,1,1,0,0,1,1,
09/12/2020,-6,37,19800,0,0,126,9,6,6,716,2471377,13,5,1,1,0,0,1,1,
09/13/2020,4,41,19835,0,0,116,11,5,6,722,2488773,12,5,1,1,0,0,1,1,
09/14/2020,-6,35,19872,0,0,122,12,7,7,729,2497710,14,5,1,1,0,0,1,1,
09/15/2020,7,42,19911,0,0,118,11,7,0,729,2506513,16,5,1,1,0,0,1,1,
09/16/2020,0,42,19943,0,0,107,11,6,8,737,2520887,16,5,1,1,0,0,1,1,
09/17/2020,-14,28,19970,0,0,97,12,6,8,745,2535134,14,5,1,1,0,0,1,1,
09/18/2020,17,45,20012,0,0,90,11,7,5,750,2551044,13,5,1,1,0,0,1,1,
09/19/2020,-24,21,20034,0,0,89,8,5,7,757,2562996,16,5,1,1,0,0,1,1,
09/20/2020,-7,14,20042,0,0,94,8,5,4,761,2575457,14,5,1,1,0,0,1,1,
09/21/2020,-3,11,20051,0,0,92,6,3,2,763,2582621,13,5,1,1,0,0,1,1,
09/22/2020,17,28,20076,0,0,83,8,5,3,766,2593744,14,5,1,1,0,0,1,1,
09/23/2020,-13,15,20100,0,0,75,8,6,5,771,2609485,13,5,1,1,0,0,1,1,
09/24/2020,-3,12,20105,0,0,67,8,6,2,773,2622822,13,5,1,1,0,0,1,1,
09/25/2020,2,14,20118,0,0,58,8,6,8,781,2635282,14,5,1,1,0,0,1,1,
09/26/2020,-2,12,20129,0,0,53,9,5,1,782,2651309,11,5,1,1,0,0,1,1,
09/27/2020,4,16,20145,0,0,51,9,5,2,784,2661989,12,5,1,1,0,0,1,1,
09/28/2020,-11,5,20149,0,0,49,8,4,3,787,2668796,14,4,1,1,0,5,1,1,
09/29/2020,5,10,20158,0,0,46,5,4,7,794,2677022,16,4,1,1,0,5,1,1,
09/30/2020,3,13,20169,0,0,44,6,3,4,798,2694959,15,4,1,1,0,5,1,1,
10/01/2020,2,15,20183,0,0,38,6,3,2,800,2709668,14,4,1,1,0,5,1,1,
10/02/2020,-8,7,20191,0,0,38,4,4,2,802,2722218,15,4,1,1,0,5,1,1,
10/03/2020,1,8,20197,0,0,34,4,3,3,805,2733499,12,4,1,1,0,5,1,1,
10/04/2020,4,12,20209,0,0,31,3,1,1,806,2745493,13,4,1,1,0,5,1,1,
10/05/2020,-3,9,20220,0,0,30,3,2,0,806,2754516,12,4,1,1,0,5,1,1,
10/06/2020,6,15,20233,0,0,21,1,0,1,807,2763802,13,4,1,1,0,5,1,1,
10/07/2020,-9,6,20237,0,0,16,2,0,2,809,2780231,13,4,1,1,0,5,1,1,
10/08/2020,5,11,20247,0,0,17,1,0,0,809,2795529,13,4,1,1,0,5,1,1,
10/09/2020,0,11,20257,0,0,17,1,0,0,809,2811114,12,4,1,1,0,5,1,1,
10/10/2020,3,14,20269,0,0,21,1,0,0,809,2827761,12,4,1,1,0,5,1,1,
10/11/2020,-2,12,20281,0,0,21,0,0,1,810,2840686,10,4,1,1,0,5,1,1,
10/12/2020,3,15,20295,0,0,21,0,0,0,810,2850794,12,4,1,1,0,5,1,1,
10/13/2020,-3,12,20305,0,0,23,0,0,1,811,2858995,11,4,1,1,0,5,1,1,
10/14/2020,-5,7,20311,0,0,23,0,0,5,816,2875056,12,4,1,1,0,5,1,1,
10/15/2020,-1,6,20315,0,0,21,0,0,0,816,2890495,9,4,1,1,0,5,1,1,
10/16/2020,-4,2,20317,0,0,14,0,0,0,816,2906876,12,4,1,1,0,5,1,1,
10/17/2020,-1,1,20317,0,0,13,0,0,0,816,2925810,11,4,1,1,0,5,1,1,
10/18/2020,1,2,20315,0,0,12,0,0,0,816,2944356,10,4,1,1,0,10,1,1,
10/19/2020,2,4,20319,0,0,12,0,0,1,817,2955149,12,4,1,1,0,10,1,1,
10/20/2020,-3,1,20320,0,0,11,0,0,0,817,2967085,10,4,1,1,0,10,1,1,
10/21/2020,2,3,20323,0,0,10,0,0,0,817,2984494,8,4,1,1,0,10,1,1,
10/22/2020,2,5,20329,0,0,9,0,0,0,817,3002936,7,4,1,1,0,10,1,1,
10/23/2020,-4,1,20330,0,0,8,0,0,0,817,3022364,6,4,1,1,0,10,1,1,
10/24/2020,6,7,20336,0,0,8,0,0,0,817,3039583,6,4,1,1,0,10,1,1,
10/25/2020,0,7,20343,0,0,7,0,0,0,817,3052477,3,4,1,1,0,10,1,1,
10/26/2020,-7,0,20341,0,0,7,0,0,0,817,3066501,5,4,1,1,0,10,1,1,
10/27/2020,0,0,20341,0,0,5,0,0,0,817,3081980,8,3,1,0,10,20,1,1,
10/28/2020,2,2,20342,0,0,3,0,0,2,819,3106653,11,3,1,0,10,20,1,1,
10/29/2020,1,3,20344,0,0,5,0,0,0,819,3130788,11,3,1,0,10,20,1,1,
10/30/2020,1,4,20347,0,0,5,0,0,0,819,3154371,10,3,1,0,10,20,1,1,
10/31/2020,-4,0,20346,0,0,2,0,0,0,819,3174221,8,3,1,0,10,20,1,1,
11/01/2020,0,0,20346,0,0,2,0,0,0,819,3190219,8,3,1,0,10,20,1,1,
11/02/2020,0,0,20345,0,0,2,0,0,0,819,3203175,6,3,1,0,10,20,1,1,
11/03/2020,0,0,20345,0,0,2,0,0,0,819,3216016,9,3,1,0,10,20,1,1,
11/04/2020,0,0,20345,0,0,2,0,0,0,819,3233373,12,3,1,0,10,20,1,1,
11/05/2020,0,0,20345,0,0,2,0,0,0,819,3246852,10,3,1,0,10,20,1,1,
11/06/2020,0,0,20345,0,0,2,0,0,0,819,3265523,8,3,1,0,10,20,1,1,
11/07/2020,0,0,20345,0,0,2,0,0,0,819,3282437,5,3,1,0,10,20,1,1,
11/08/2020,0,0,20345,0,0,2,0,0,0,819,3299302,6,3,1,0,10,20,1,1,
11/09/2020,0,0,20345,0,0,2,0,0,0,819,3309955,5,3,1,0,10,20,1,1,
11/10/2020,0,0,20345,0,0,2,0,0,0,819,3322910,4,3,1,0,10,20,1,1,
11/11/2020,0,0,20345,0,0,2,0,0,0,819,3342896,5,3,1,0,10,20,1,1,
11/12/2020,0,0,20345,0,0,2,0,0,0,819,3363715,7,3,1,0,10,20,1,1,
11/13/2020,0,0,20345,0,0,2,0,0,0,819,3375716,7,3,1,0,10,20,1,1,
11/14/2020,0,0,20345,0,0,2,0,0,0,819,3390330,6,3,1,0,10,20,1,1,
11/15/2020,0,0,20345,0,0,2,0,0,0,819,3398653,8,3,1,0,10,20,1,1,
11/16/2020,0,0,20345,0,0,2,0,0,0,819,3405348,7,3,1,0,10,20,1,1,
11/17/2020,0,0,20345,0,0,2,0,0,0,819,3422760,9,3,1,0,10,20,1,1,
11/18/2020,0,0,20345,0,0,2,0,0,0,819,3440114,7,3,1,0,10,20,1,1,
11/19/2020,0,0,20345,0,0,2,0,0,0,819,3457275,7,3,1,0,10,20,1,1,
11/20/2020,0,0,20345,0,0,1,0,0,0,819,3475749,7,3,1,0,10,20,1,1,
11/21/2020,0,0,20345,0,0,1,0,0,0,819,3487082,6,3,1,0,10,20,1,1,
11/22/2020,0,0,20345,0,0,1,0,0,0,819,3497612,6,2,0,0,15,50,1,1,
11/23/2020,0,0,20345,0,0,1,0,0,0,819,3504873,7,2,0,0,15,50,1,1,
11/24/2020,0,0,20345,0,0,0,0,0,0,819,3514833,7,2,0,0,15,50,1,1,
11/25/2020,0,0,20345,0,0,0,0,0,0,819,3531242,7,2,0,0,15,50,1,1,
11/26/2020,0,0,20345,0,0,0,0,0,0,819,3544104,7,2,0,0,15,50,1,1,
11/27/2020,0,0,20345,0,0,0,0,0,0,819,3553932,8,2,0,0,15,50,1,1,
11/28/2020,0,0,20345,0,0,0,0,0,0,819,3563335,7,2,0,0,15,50,1,1,
11/29/2020,0,0,20345,0,0,0,0,0,0,819,3569240,6,2,0,0,15,50,1,1,
11/30/2020,0,0,20345,0,0,0,0,0,1,820,3574270,8,2,0,0,15,50,1,1,
12/01/2020,0,0,20345,0,0,0,0,0,0,820,3581144,5,2,0,0,15,50,1,1,
12/02/2020,0,0,20345,0,0,0,0,0,0,820,3593321,6,2,0,0,15,50,1,1,
12/03/2020,0,0,20345,0,0,0,0,0,0,820,3603415,6,2,0,0,15,50,1,1,
12/04/2020,0,0,20345,0,0,0,0,0,0,820,3612199,7,2,0,0,15,50,1,1,
12/05/2020,0,0,20345,0,0,0,0,0,0,820,3619869,8,2,0,0,15,50,1,1,
12/06/2020,0,0,20345,0,0,0,0,0,0,820,3628246,8,2,0,0,15,50,1,1,
12/07/2020,0,0,20345,0,0,0,0,0,0,820,3633158,8,2,0,0,15,50,1,1,
12/08/2020,0,0,20345,0,0,0,0,0,0,820,3640201,9,2,0,0,15,50,1,1,
12/09/2020,0,0,20345,0,0,0,0,0,0,820,3651779,7,2,0,0,15,50,1,1,
12/10/2020,0,0,20345,0,0,0,0,0,0,820,3663404,6,2,0,0,15,50,1,1,
12/11/2020,0,0,20345,0,0,0,0,0,0,820,3673164,5,2,0,0,15,50,1,1,
12/12/2020,5,5,20350,0,0,0,0,0,0,820,3681901,5,2,0,0,15,50,1,1,
12/13/2020,-4,1,20351,0,0,0,0,0,0,820,3688134,6,2,0,0,15,50,1,1,
12/14/2020,0,1,20352,0,0,0,0,0,0,820,3693158,7,2,0,0,15,50,1,1,
12/15/2020,-1,0,20351,0,0,0,0,0,0,820,3701454,8,2,0,0,15,50,1,1,
12/16/2020,0,0,20351,0,0,0,0,0,0,820,3711165,8,2,0,0,15,50,1,1,
12/17/2020,0,0,20351,0,0,0,0,0,0,820,3720642,8,2,0,0,15,50,1,1,
12/18/2020,1,1,20352,0,0,0,0,0,0,820,3728212,8,2,0,0,15,50,1,1,
12/19/2020,1,2,20354,0,0,0,0,0,0,820,3737992,8,2,0,0,15,50,1,1,
12/20/2020,0,2,20356,0,0,0,0,0,0,820,3747703,9,2,0,0,15,50,1,1,
12/21/2020,-1,1,20357,0,0,0,0,0,0,820,3761458,3,2,0,0,15,50,1,1,
12/22/2020,2,3,20360,0,0,0,0,0,0,820,3776979,3,2,0,0,15,50,1,1,
12/23/2020,-2,1,20361,0,0,0,0,0,0,820,3799935,3,2,0,0,15,50,1,1,
12/24/2020,-1,0,20361,0,0,0,0,0,0,820,3819164,2,2,0,0,15,50,1,1,
12/25/2020,0,0,20361,0,0,0,0,0,0,820,3830531,6,2,0,0,15,50,1,1,
12/26/2020,0,0,20361,0,0,0,0,0,0,820,3835438,7,2,0,0,15,50,1,1,
12/27/2020,1,1,20362,0,0,0,0,0,0,820,3841286,6,2,0,0,15,50,1,1,
12/28/2020,1,2,20364,0,0,0,0,0,0,820,3847166,5,2,0,0,15,50,1,1,
12/29/2020,-2,0,20364,0,0,0,0,0,0,820,3854065,5,2,0,0,15,50,1,1,
12/30/2020,1,1,20365,0,0,0,0,0,0,820,3862796,6,2,0,0,15,50,1,1,
12/31/2020,2,3,20368,0,0,0,0,0,0,820,3875893,7,2,0,0,15,50,1,1,
01/01/2021,5,8,20376,0,0,0,0,0,0,820,3889001,8,2,0,0,15,50,1,1,
01/02/2021,4,12,20388,0,0,0,0,0,0,820,3907338,8,2,0,0,15,50,1,1,
01/03/2021,-9,3,20391,0,0,1,0,0,0,820,3929815,7,2,0,0,15,50,1,1,
01/04/2021,1,4,20395,0,0,1,0,0,0,820,3962283,7,2,0,0,15,50,1,1,
01/05/2021,0,4,20399,0,0,1,0,0,0,820,3994827,6,2,0,0,15,50,1,1,
01/06/2021,-1,3,20402,0,0,0,0,0,0,820,4032336,7,2,0,0,15,50,1,1,
01/07/2021,-3,0,20402,0,0,0,0,0,0,820,4065103,6,2,0,0,15,50,1,1,
01/08/2021,1,1,20403,0,0,0,0,0,0,820,4088211,7,2,0,0,15,50,1,1,
01/09/2021,0,1,20404,0,0,0,0,0,0,820,4116496,5,2,0,0,15,50,1,1,
01/10/2021,5,6,20410,0,0,0,0,0,0,820,4139908,7,2,0,0,15,50,1,1,
01/11/2021,-5,1,20411,0,0,0,0,0,0,820,4158568,8,2,0,0,15,50,1,1,
01/12/2021,-1,0,20411,0,0,0,0,0,0,820,4176707,9,2,0,0,15,50,1,1,
01/13/2021,3,3,20414,0,0,0,0,0,0,820,4194615,7,2,0,0,15,50,1,1,
01/14/2021,-3,0,20412,0,0,0,0,0,0,820,4211148,6,2,0,0,15,50,1,1,
01/15/2021,2,2,20414,0,0,0,0,0,0,820,4226158,9,2,0,0,15,50,1,1,
01/16/2021,1,3,20417,0,0,1,0,0,0,820,4241115,6,2,0,0,15,50,1,1,
01/17/2021,4,7,20424,0,0,1,0,0,0,820,4252138,7,2,0,0,15,50,1,1,
01/18/2021,-3,4,20428,0,0,1,0,0,0,820,4266111,5,2,0,0,15,50,1,1,
01/19/2021,0,4,20430,0,0,0,0,0,0,820,4281685,5,2,0,0,15,50,1,1,
01/20/2021,-1,3,20432,0,0,0,0,0,0,820,4301495,6,2,0,0,15,50,1,1,
01/21/2021,-2,1,20433,0,0,0,0,0,0,820,4321565,6,2,0,0,15,50,1,1,
01/22/2021,0,1,20434,0,0,0,0,0,0,820,4338030,4,2,0,0,15,50,1,1,
01/23/2021,2,3,20436,0,0,0,0,0,0,820,4353741,3,2,0,0,15,50,1,1,
01/24/2021,-2,1,20436,0,0,0,0,0,0,820,4365642,5,2,0,0,15,50,1,1,
01/25/2021,5,6,20442,0,0,0,0,0,0,820,4377448,4,2,0,0,15,50,1,1,
01/26/2021,-5,1,20443,0,0,0,0,0,0,820,4389104,5,2,0,0,15,50,1,1,
01/27/2021,1,2,20444,0,0,0,0,0,0,820,4402716,5,2,0,0,15,50,1,1,
01/28/2021,1,3,20447,0,0,0,0,0,0,820,4417210,5,2,0,0,15,50,1,1,
01/29/2021,-2,1,20447,0,0,0,0,0,0,820,4432756,5,2,0,0,15,50,1,1,
01/30/2021,0,1,20448,0,0,0,0,0,0,820,4446458,6,2,0,0,15,50,1,1,
01/31/2021,-1,0,20448,0,0,0,0,0,0,820,4457139,7,2,0,0,15,50,1,1,
02/01/2021,1,1,20449,0,0,0,0,0,0,820,4467743,7,2,0,0,15,50,1,1,
02/02/2021,0,1,20450,0,0,0,0,0,0,820,4476223,6,2,0,0,15,50,1,1,
02/03/2021,-1,0,20449,0,0,0,0,0,0,820,4492365,7,2,0,0,15,50,1,1,
02/04/2021,3,3,20452,0,0,0,0,0,0,820,4506040,7,2,0,0,15,50,1,1,
02/05/2021,0,3,20456,0,0,0,0,0,0,820,4520652,9,2,0,0,15,50,1,1,
02/06/2021,-3,0,20456,0,0,0,0,0,0,820,4543879,8,2,0,0,15,50,1,1,
02/07/2021,0,0,20455,0,0,0,0,0,0,820,4558741,6,2,0,0,15,50,1,1,
02/08/2021,1,1,20456,0,0,0,0,0,0,820,4570100,3,2,0,0,15,50,1,1,
02/09/2021,-1,0,20456,0,0,1,1,0,0,820,4582916,1,2,0,0,15,50,1,1,
02/10/2021,2,2,20458,0,0,1,1,0,0,820,4605765,0,2,0,0,15,50,1,1,
02/11/2021,0,2,20460,0,0,1,1,0,0,820,4628335,-3,2,0,0,15,50,1,1,
02/12/2021,3,5,20465,0,0,1,1,0,0,820,4652545,-2,2,0,0,15,50,1,1,
02/13/2021,-4,1,20466,0,0,1,0,0,0,820,4672661,-1,5,1,1,0,0,1,1,
02/14/2021,2,3,20469,0,0,1,0,0,0,820,4694136,1,5,1,1,0,0,1,1,
02/15/2021,-1,2,20471,0,0,1,0,0,0,820,4719280,3,5,1,1,0,0,1,1,
02/16/2021,2,4,20475,0,0,0,0,0,0,820,4743230,5,5,1,1,0,0,1,1,
02/17/2021,-4,0,20475,0,0,0,0,0,0,820,4782488,4,5,1,1,0,0,1,1,
02/18/2021,1,1,20476,0,0,0,0,0,0,820,4812749,5,2,0,0,15,50,0,1,
02/19/2021,2,3,20479,0,0,1,1,0,0,820,4834041,6,2,0,0,15,50,0,1,
02/20/2021,-3,0,20479,0,0,1,1,0,0,820,4851742,6,2,0,0,15,50,0,1,
02/21/2021,0,0,20479,0,0,1,1,0,0,820,4862081,8,2,0,0,15,50,0,1,
02/22/2021,0,0,20479,0,0,1,1,0,0,820,4870358,8,2,0,0,15,50,0,1,
02/23/2021,0,0,20479,580,580,1,0,0,0,820,4887628,5,2,0,0,15,50,0,1,
02/24/2021,0,0,20479,675,1255,1,0,0,0,820,4907829,4,2,0,0,15,50,0,1,
02/25/2021,0,0,20479,808,2063,2,0,0,0,820,4926111,5,2,0,0,15,50,0,1,
02/26/2021,2,2,20481,839,2902,2,0,0,0,820,4942705,6,2,0,0,15,50,0,1,
02/27/2021,-2,0,20481,711,3613,3,1,0,0,820,4953002,5,2,0,0,15,50,0,1,
02/28/2021,0,0,20481,149,3762,2,0,0,0,820,4960442,7,2,0,0,15,50,0,1,
03/01/2021,0,0,20481,100,3862,2,0,0,0,820,4967414,7,2,0,0,15,50,0,1,
03/02/2021,0,0,20481,1158,5020,2,0,0,0,820,4980939,6,2,0,0,15,50,0,1,
03/03/2021,0,0,20481,1656,6676,2,0,0,0,820,4999764,6,2,0,0,15,50,0,1,
03/04/2021,0,0,20481,1969,8645,2,0,0,0,820,5018897,7,2,0,0,15,50,0,1,
03/05/2021,0,0,20481,2262,10907,1,0,0,0,820,5038743,9,2,0,0,15,50,0,1,
03/06/2021,1,1,20482,1944,12851,0,0,0,0,820,5053557,7,2,0,0,15,50,0,1,
03/07/2021,-1,0,20481,727,13578,0,0,0,0,820,5064581,6,2,0,0,15,50,0,1,
03/08/2021,1,1,20482,844,14422,0,0,0,0,820,5074574,7,2,0,0,15,50,0,1,
03/09/2021,0,1,20483,1072,15494,0,0,0,0,820,5083425,7,2,0,0,15,50,0,1,
03/10/2021,-1,0,20483,2831,18325,0,0,0,0,820,5100039,5,2,0,0,15,50,0,1,
03/11/2021,0,0,20483,3992,22317,0,0,0,0,820,5120078,6,2,0,0,15,50,0,1,
03/12/2021,0,0,20483,3631,25948,0,0,0,0,820,5138905,6,2,0,0,15,50,0,1,
03/13/2021,0,0,20483,4350,30298,0,0,0,0,820,5155517,6,2,0,0,15,50,0,1,
03/14/2021,0,0,20483,904,31202,0,0,0,0,820,5166899,6,2,0,0,15,50,0,1,
03/15/2021,0,0,20483,606,31808,0,0,0,0,820,5176595,5,2,0,0,15,50,0,1,
03/16/2021,0,0,20483,3474,35282,0,0,0,0,820,5189233,4,2,0,0,15,50,0,1,
03/17/2021,0,0,20483,3666,38948,0,0,0,0,820,5210697,6,2,0,0,15,50,0,1,
03/18/2021,0,0,20483,4041,42989,0,0,0,0,820,5231987,8,2,0,0,15,50,0,1,
03/19/2021,0,0,20483,4742,47731,0,0,0,0,820,5248413,8,2,0,0,15,50,0,1,
03/20/2021,0,0,20483,4552,52283,0,0,0,0,820,5262520,7,2,0,0,15,50,0,1,
03/21/2021,0,0,20483,1398,53681,0,0,0,0,820,5274908,6,2,0,0,15,50,0,1,
03/22/2021,0,0,20483,1342,55023,0,0,0,0,820,5284301,7,2,0,0,15,50,0,1,
03/23/2021,0,0,20483,4486,59509,0,0,0,0,820,5297850,7,2,0,0,15,50,0,1,
03/24/2021,0,0,20483,4385,63894,0,0,0,0,820,5317581,7,2,0,0,15,50,0,1,
03/25/2021,0,0,20483,5698,69592,0,0,0,0,820,5333027,7,2,0,0,15,50,0,1,
03/26/2021,0,0,20483,6034,75626,0,0,0,0,820,5346827,7,2,0,0,15,50,0,1,
03/27/2021,0,0,20483,5072,80698,0,0,0,0,820,5357113,7,2,0,0,15,50,0,1,
03/28/2021,0,0,20483,3512,84210,0,0,0,0,820,5368821,7,2,0,0,15,50,0,1,
03/29/2021,1,1,20484,2072,86282,0,0,0,0,820,5382784,6,2,0,0,15,50,0,1,
03/30/2021,-1,0,20484,6483,92765,0,0,0,0,820,5395676,6,2,0,0,15,50,0,1,
03/31/2021,0,0,20484,6300,99065,0,0,0,0,820,5417745,7,2,0,0,15,50,0,1,
04/01/2021,0,0,20484,8457,107522,0,0,0,0,820,5437175,9,2,0,0,15,50,0,1,
04/02/2021,0,0,20484,7555,115077,0,0,0,0,820,5453004,8,2,0,0,15,50,0,1,
04/03/2021,0,0,20484,910,115987,0,0,0,0,820,5465083,8,2,0,0,15,50,0,1,
04/04/2021,0,0,20484,247,116234,0,0,0,0,820,5474659,7,2,0,0,15,50,0,1,
04/05/2021,0,0,20484,443,116677,0,0,0,0,820,5481736,7,2,0,0,15,50,0,1,
04/06/2021,0,0,20484,1023,117700,0,0,0,0,820,5489089,7,2,0,0,15,50,0,1,
04/07/2021,0,0,20484,6059,123759,0,0,0,0,820,5500835,7,2,0,0,15,50,0,1,
04/08/2021,0,0,20484,5778,129537,0,0,0,0,820,5514126,7,2,0,0,15,50,0,1,
04/09/2021,0,0,20484,131513,261050,0,0,0,0,820,5532589,6,2,0,0,15,50,0,1,
04/10/2021,1,1,20485,13256,274306,0,0,0,0,820,5545688,6,2,0,0,15,50,0,1,
04/11/2021,-1,0,20485,7408,281714,0,0,0,0,820,5557708,6,2,0,0,15,50,0,1,
04/12/2021,2,2,20487,3528,285242,0,0,0,0,820,5567211,8,2,0,0,15,50,0,1,
04/13/2021,-2,0,20487,13094,298336,0,0,0,0,820,5577549,11,2,0,0,15,50,0,1,
04/14/2021,0,0,20487,14382,312718,0,0,0,0,820,5593551,12,2,0,0,15,50,0,1,
04/15/2021,5,5,20492,14581,327299,0,0,0,0,820,5610591,13,2,0,0,15,50,0,1,
04/16/2021,-5,0,20492,14182,341481,0,0,0,0,820,5625299,14,2,0,0,15,50,0,1,
04/17/2021,2,2,20494,13009,354490,0,0,0,0,820,5637128,15,2,0,0,15,50,0,1,
04/18/2021,-2,0,20494,5283,359773,0,0,0,0,820,5645786,14,2,0,0,15,50,0,1,
04/19/2021,4,4,20498,18777,378550,0,0,0,0,820,5653701,14,2,0,0,15,50,0,1,
04/20/2021,-3,1,20499,16705,395255,0,0,0,0,820,5663743,11,2,0,0,15,50,0,1,
04/21/2021,2,3,20502,15074,410329,0,0,0,0,820,5676349,10,2,0,0,15,50,0,1,
04/22/2021,-1,2,20504,16937,427266,0,0,0,0,820,5690300,10,2,0,0,15,50,0,1,
04/23/2021,0,2,20506,19185,446451,0,0,0,0,820,5703533,11,2,0,0,15,50,0,1,
04/24/2021,0,2,20508,13395,459846,0,0,0,0,820,5716612,9,2,0,0,15,50,0,1,
04/25/2021,-1,1,20509,6376,466222,0,0,0,0,820,5730553,9,2,0,0,15,50,0,1,
04/26/2021,-1,0,20509,1109,467331,0,0,0,0,820,5743233,11,2,0,0,15,50,0,1,
04/27/2021,4,4,20513,11854,479185,0,0,0,0,820,5760108,10,2,0,0,15,50,0,1,
04/28/2021,-2,2,20515,17195,496380,0,0,0,0,820,5777123,11,2,0,0,15,50,0,1,
04/29/2021,-1,1,20516,20489,516869,0,0,0,0,820,5794014,13,2,0,0,15,50,0,1,
04/30/2021,1,2,20518,16805,533674,0,0,0,0,820,5818427,11,2,0,0,15,50,0,1,
05/01/2021,1,3,20521,12503,546177,0,0,0,0,820,5824918,11,2,0,0,15,50,0,1,
05/02/2021,-2,1,20522,4964,551141,0,0,0,0,820,5837202,10,2,0,0,15,50,0,1,
05/03/2021,0,1,20523,2281,553422,0,0,0,0,820,5848862,10,2,0,0,15,50,0,1,
05/04/2021,0,1,20524,19155,572577,0,0,0,0,820,5863187,11,2,0,0,15,50,0,1,
05/05/2021,-1,0,20524,23867,596444,0,0,0,0,820,5882589,12,2,0,0,15,50,0,1,
05/06/2021,2,2,20526,22537,618981,0,0,0,0,820,5898989,12,2,0,0,15,50,0,1,
05/07/2021,-2,0,20526,24564,643545,0,0,0,0,820,5915124,9,2,0,0,15,50,0,1,
05/08/2021,1,1,20527,18528,662073,0,0,0,0,820,5933641,9,2,0,0,15,50,0,1,
05/09/2021,5,6,20533,7956,670029,0,0,0,0,820,5946871,10,2,0,0,15,50,0,1,
05/10/2021,-4,2,20535,3213,673242,0,0,0,0,820,5957417,10,2,0,0,15,50,0,1,
05/11/2021,-1,1,20536,22044,695286,0,0,0,0,820,5970335,11,2,0,0,15,50,0,1,
05/12/2021,0,1,20537,19769,715055,0,0,0,0,820,5991796,12,2,0,0,15,50,0,1,
05/13/2021,0,1,20538,23393,738448,0,0,0,0,820,6013780,12,2,0,0,15,50,0,1,
05/14/2021,0,1,20539,21895,760343,0,0,0,0,820,6035711,13,2,0,0,15,50,0,1,
05/15/2021,0,1,20540,19954,780297,0,0,0,0,820,6050953,12,2,0,0,15,50,0,1,
05/16/2021,3,4,20544,7667,787964,0,0,0,0,820,6065223,12,2,0,0,15,50,0,1,
05/17/2021,-3,1,20545,4370,792334,0,0,0,0,820,6078808,11,2,0,0,15,50,0,1,
05/18/2021,-1,0,20545,24217,816551,0,0,0,0,820,6096849,10,2,0,0,15,50,0,1,
05/19/2021,1,1,20546,25162,841713,0,0,0,0,820,6117417,10,2,0,0,15,50,0,1,
05/20/2021,-1,0,20546,24961,866674,0,0,0,0,820,6138905,11,2,0,0,15,50,0,1,
05/21/2021,0,0,20546,26553,893227,0,0,0,0,820,6156947,12,2,0,0,15,50,0,1,
05/22/2021,0,0,20546,21741,914968,0,0,0,0,820,6172155,12,2,0,0,15,50,0,1,
05/23/2021,1,1,20547,9175,924143,0,0,0,0,820,6189620,13,2,0,0,15,50,0,1,
05/24/2021,1,2,20549,4964,929107,1,0,0,0,820,6197877,12,2,0,0,15,50,0,1,
05/25/2021,2,4,20553,11424,940531,1,0,0,0,820,6212769,13,2,0,0,15,50,0,1,
05/26/2021,6,10,20563,30498,971029,0,0,0,0,820,6238949,12,2,0,0,15,50,0,1,
05/27/2021,2,12,20575,30426,1001455,1,1,1,0,820,6279360,11,2,0,0,15,50,0,1,
05/28/2021,-6,6,20580,41389,1042844,1,0,0,0,820,6326822,12,5,1,1,0,0,1,1,
05/29/2021,1,7,20587,43458,1086302,1,1,0,0,820,6383446,13,5,1,1,0,0,1,1,
05/30/2021,-1,6,20593,27448,1113750,1,0,0,0,820,6428747,13,5,1,1,0,0,1,1,
05/31/2021,-1,5,20598,20909,1134659,1,0,0,0,820,6472621,16,5,1,1,0,0,1,1,
06/01/2021,6,11,20609,40389,1175048,1,0,0,0,820,6515320,19,5,1,1,0,0,1,1,
06/02/2021,-5,6,20614,51176,1226224,2,0,0,0,820,6566353,18,5,1,1,0,0,1,1,
06/03/2021,-3,3,20617,50710,1276934,3,0,0,0,820,6623872,16,5,1,1,0,0,1,1,
06/04/2021,3,6,20621,48215,1325149,3,0,0,0,820,6673311,13,5,1,1,0,0,1,1,
06/05/2021,0,6,20627,52102,1377251,3,0,0,0,820,6709673,12,5,1,1,0,0,1,1,
06/06/2021,2,8,20635,42365,1419616,2,0,0,0,820,6739489,10,5,1,1,0,0,1,1,
06/07/2021,3,11,20646,42581,1462197,3,0,0,0,820,6763754,11,5,1,1,0,0,1,1,
06/08/2021,-8,3,20649,49267,1511464,3,0,0,0,820,6786568,12,5,1,1,0,0,1,1,
06/09/2021,-2,1,20650,47260,1558724,3,0,0,0,820,6815053,12,5,1,1,0,0,1,1,
06/10/2021,3,4,20654,51347,1610071,4,0,0,0,820,6838732,12,5,1,1,0,0,1,1,
06/11/2021,-3,1,20655,50637,1660708,3,0,0,0,820,6856336,12,2,0,0,15,50,0,1,
06/12/2021,3,4,20659,43882,1704590,3,0,0,0,820,6871446,14,2,0,0,15,50,0,1,
06/13/2021,-3,1,20659,23222,1727812,3,0,0,0,820,6888548,13,2,0,0,15,50,0,1,
06/14/2021,5,6,20665,17435,1745247,4,1,0,0,820,6905480,13,2,0,0,15,50,0,1,
06/15/2021,-3,3,20668,10602,1755849,5,1,0,0,820,6920547,14,2,0,0,15,50,0,1,
06/16/2021,5,8,20677,51093,1806942,6,1,0,0,820,6938085,15,2,0,0,15,50,0,1,
06/17/2021,-7,1,20678,40463,1847405,7,1,0,0,820,6963720,15,2,0,0,15,50,0,1,
06/18/2021,1,2,20680,40118,1887523,7,1,0,0,820,6998972,15,2,0,0,15,50,0,1,
06/19/2021,1,3,20683,36662,1924185,6,1,0,0,820,7029815,16,2,0,0,15,50,0,1,
06/20/2021,-1,2,20685,18382,1942567,5,1,0,0,820,7049317,17,2,0,0,15,50,0,1,
06/21/2021,7,9,20694,12577,1955144,4,0,0,0,820,7065607,19,2,0,0,15,50,0,1,
06/22/2021,-7,2,20696,36498,1991642,4,0,0,0,820,7078083,16,2,0,0,15,50,0,1,
06/23/2021,-1,1,20696,41061,2032703,4,0,0,0,820,7107050,15,2,0,0,15,50,0,1,
06/24/2021,2,3,20700,38301,2071004,4,0,0,0,820,7129862,16,2,0,0,15,50,0,1,
06/25/2021,-1,2,20702,35730,2106734,4,0,0,0,820,7151853,21,2,0,0,15,50,0,1,
06/26/2021,2,4,20705,33734,2140468,4,0,0,0,820,7173448,23,2,0,0,15,50,0,1,
06/27/2021,-1,3,20706,17679,2158147,2,0,0,0,820,7194146,26,2,0,0,15,50,0,1,
06/28/2021,-1,2,20708,14727,2172874,2,0,0,0,820,7211763,28,2,0,0,15,50,0,1,
06/29/2021,0,2,20710,39490,2212364,2,0,0,0,820,7232486,21,2,0,0,15,50,0,1,
06/30/2021,0,2,20712,35102,2247466,1,0,0,0,820,7262435,18,2,0,0,15,50,0,1,
07/01/2021,-2,0,20711,38628,2286094,2,0,0,0,820,7291584,16,2,0,0,15,50,0,1,
07/02/2021,3,3,20713,37463,2323557,2,0,0,0,820,7316310,17,2,0,0,15,50,0,1,
07/03/2021,-3,0,20713,36854,2360411,1,0,0,0,820,7340557,16,2,0,0,15,50,0,1,
07/04/2021,1,1,20714,19384,2379795,1,1,0,0,820,7360998,17,2,0,0,15,50,0,1,
07/05/2021,1,2,20716,14443,2394238,2,2,0,0,820,7381688,16,2,0,0,15,50,0,1,
07/06/2021,0,2,20718,41403,2435641,2,2,0,0,820,7403837,16,2,0,0,15,50,0,1,
07/07/2021,-2,0,20718,44194,2479835,3,0,0,0,820,7431335,16,2,0,0,15,50,0,1,
07/08/2021,0,0,20718,24104,2503939,3,0,0,0,820,7458755,15,2,0,0,15,50,0,1,
07/09/2021,1,1,20719,34287,2538226,3,0,0,0,820,7484345,15,2,0,0,15,50,0,1,
07/10/2021,2,3,20722,31914,2570140,3,0,0,0,820,7507610,16,2,0,0,15,50,0,1,
07/11/2021,-3,0,20722,20188,2590328,3,0,0,0,820,7530912,16,2,0,0,15,50,0,1,
07/12/2021,0,0,20722,14792,2605120,3,0,0,0,820,7550151,17,2,0,0,15,50,0,1,
07/13/2021,3,3,20725,40041,2645161,2,0,0,0,820,7575232,16,2,0,0,15,50,0,1,
07/14/2021,-1,2,20727,32415,2677576,1,0,0,0,820,7606658,15,2,0,0,15,50,0,1,
07/15/2021,8,10,20737,35575,2713151,0,0,0,0,820,7633719,15,2,0,0,15,50,0,1,
07/16/2021,0,10,20747,37590,2750741,0,0,0,0,820,7666848,15,5,1,1,0,0,1,1,
07/17/2021,10,20,20767,39228,2789969,0,0,0,0,820,7714545,16,5,1,1,0,0,1,1,
07/18/2021,-2,18,20785,24857,2814826,0,0,0,0,820,7767737,16,5,1,1,0,0,1,1,
07/19/2021,-4,14,20798,16744,2831570,1,0,0,0,820,7822576,17,5,1,1,0,0,1,1,
07/20/2021,1,15,20814,45529,2877099,3,0,0,0,820,7872030,17,5,1,1,0,0,1,1,
07/21/2021,8,23,20837,37251,2914350,5,0,0,0,820,7931385,16,5,1,1,0,0,1,1,
07/22/2021,5,28,20865,46459,2960809,5,1,0,0,820,7975059,15,5,1,1,0,0,1,1,
07/23/2021,-14,14,20879,47503,3008312,7,2,0,0,820,8018601,16,5,1,1,0,0,1,1,
07/24/2021,-2,12,20891,44179,3052491,8,3,1,0,820,8058447,17,5,1,1,0,0,1,1,
07/25/2021,0,12,20902,28442,3080933,7,2,1,0,820,8090832,18,5,1,1,0,0,1,1,
07/26/2021,0,12,20914,21528,3102461,5,2,1,0,820,8116236,17,5,1,1,0,0,1,1,
07/27/2021,-2,10,20924,48341,3150802,7,2,1,0,820,8140576,16,5,1,1,0,0,1,1,
07/28/2021,-2,8,20932,43123,3193925,7,2,1,0,820,8176438,17,3,0,0,10,10,1,1,
07/29/2021,-1,7,20939,43603,3237528,7,2,1,0,820,8218447,18,3,0,0,10,10,1,1,
07/30/2021,-4,3,20942,45938,3283466,6,2,1,0,820,8261989,19,3,0,0,10,10,1,1,
07/31/2021,-1,2,20944,45280,3328746,7,2,1,0,820,8294749,17,3,0,0,10,10,1,1,
08/01/2021,2,4,20948,28288,3357034,8,3,1,0,820,8320528,17,3,0,0,10,10,1,1,
08/02/2021,-2,2,20950,19507,3376541,8,3,1,0,820,8341945,16,3,0,0,10,10,1,1,
08/03/2021,3,5,20955,45236,3421777,10,2,1,0,820,8364162,18,3,0,0,10,10,1,1,
08/04/2021,-5,0,20955,41767,3463544,9,2,1,0,820,8394279,18,3,0,0,10,10,1,0,
08/05/2021,6,6,20962,45939,3509483,7,2,2,0,820,8421558,20,3,0,0,10,10,1,0,
08/06/2021,0,6,20968,48738,3558221,6,2,2,0,820,8451189,18,5,1,1,0,1,1,0,
08/07/2021,23,29,20997,50115,3608336,7,2,2,0,820,8494807,15,5,1,1,0,1,1,0,
08/08/2021,-16,13,21010,32443,3640779,6,1,1,0,820,8532986,16,5,1,1,0,1,1,0,
08/09/2021,-2,11,21021,25225,3666004,5,0,0,0,820,8571973,16,5,1,1,0,1,1,0,
08/10/2021,9,20,21041,57536,3723540,2,0,0,0,820,8606865,17,5,1,1,0,1,1,0,
08/11/2021,0,20,21056,55469,3779009,1,0,0,0,820,8648436,20,5,1,1,0,1,1,0,
08/12/2021,3,23,21083,61606,3840615,2,0,0,0,820,8693844,23,5,1,1,0,1,1,0,
08/13/2021,-8,15,21098,64266,3904881,2,1,0,0,820,8734581,21,5,1,1,0,1,1,0,
08/14/2021,6,21,21119,65193,3970074,3,1,0,0,820,8768256,17,5,1,1,0,1,1,0,
08/15/2021,4,25,21144,42848,4012922,4,1,0,0,820,8800542,18,5,1,1,0,1,1,0,
08/16/2021,-3,22,21166,-30981,3981941,6,1,0,0,820,8830528,17,5,1,1,0,1,1,0,
08/17/2021,3,25,21191,79810,4061751,12,2,0,0,820,8862047,15,5,1,1,0,1,1,0,
08/18/2021,-1,24,21214,63740,4125491,12,2,0,0,820,8901879,14,5,1,1,0,1,1,0,
08/19/2021,33,57,21271,68734,4194225,16,3,0,0,820,8951486,16,5,1,1,0,1,1,0,
08/20/2021,0,57,21328,70648,4264873,15,6,1,0,820,8999759,14,5,1,1,0,1,1,0,
08/21/2021,4,61,21389,70698,4335571,18,8,2,0,820,9045429,14,5,1,1,0,1,1,0,
08/22/2021,5,66,21455,49457,4385028,27,12,5,0,820,9089576,16,5,1,1,0,1,1,0,
08/23/2021,5,71,21526,35134,4420162,29,9,5,0,820,9136022,14,5,1,1,0,1,1,0,
08/24/2021,-20,51,21573,67982,4488144,34,9,7,0,820,9184446,15,5,1,1,0,1,1,0,
08/25/2021,-6,45,21614,74099,4562243,36,11,7,0,820,9237767,15,5,1,1,0,1,1,0,
08/26/2021,35,80,21693,79319,4641562,36,11,7,0,820,9294015,15,5,1,1,0,1,1,0,
08/27/2021,-1,79,21771,50982,4692544,37,14,9,0,820,9344550,16,5,1,1,0,1,1,0,
08/28/2021,-15,64,21834,73938,4766482,42,13,8,0,820,9399883,14,5,1,1,0,1,1,0,
08/29/2021,29,93,21926,85806,4852288,44,13,9,0,820,9450913,15,5,1,1,0,1,1,0,
08/30/2021,-20,73,21996,40498,4892786,49,15,11,0,820,9492308,14,5,1,1,0,1,1,0,
08/31/2021,3,76,22071,41690,4934476,50,16,15,0,820,9543156,14,5,1,1,0,1,1,0,
09/01/2021,44,120,22187,105018,5039494,58,21,15,2,822,9599207,14,5,1,1,0,1,1,0,
09/02/2021,56,176,22361,81683,5121177,61,20,13,0,822,9647579,16,5,1,1,0,1,1,0,
09/03/2021,33,209,22570,78632,5199809,64,16,11,1,823,9696151,13,5,1,1,0,1,1,0,
09/04/2021,-19,190,22759,79351,5279160,76,23,14,0,823,9745699,14,5,1,1,0,1,1,0,
09/05/2021,-7,183,22942,51561,5330721,89,24,13,0,823,9794186,15,5,1,1,0,1,1,0,
09/06/2021,63,246,23187,35857,5366578,92,26,14,0,823,9836444,15,5,1,1,0,1,1,0,
09/07/2021,0,246,23429,73560,5440138,110,30,14,0,823,9880302,17,5,1,1,0,1,1,0,
09/08/2021,-25,221,23641,83049,5523187,120,33,15,0,823,9922731,17,5,1,1,0,1,1,0,
09/09/2021,104,325,23964,85605,5608792,111,32,19,0,823,9976973,17,5,1,1,0,1,1,0,
09/10/2021,9,334,24297,86898,5695690,127,33,21,1,824,10019971,16,5,1,1,0,1,1,0,
09/11/2021,116,450,24744,80945,5776635,143,34,26,0,824,10062736,14,5,1,1,0,1,1,0,
09/12/2021,-58,392,25128,59682,5836317,147,34,26,0,824,10110799,15,5,1,1,0,1,1,0,
09/13/2021,81,473,25591,44758,5881075,157,38,26,0,824,10159836,14,5,1,1,0,1,1,0,
09/14/2021,-28,445,26029,71013,5952088,158,45,23,2,826,10202530,12,5,1,1,0,1,1,0,
09/15/2021,-22,423,26439,76998,6029086,173,44,23,2,828,10257179,13,5,1,1,0,1,1,0,
09/16/2021,91,514,26942,101575,6130661,182,51,29,0,828,10319140,12,5,1,1,0,1,1,0,
09/17/2021,-3,511,27439,87003,6217664,208,49,32,1,829,10374616,12,5,1,1,0,1,1,0,
09/18/2021,24,535,27968,90612,6308276,207,56,40,1,830,10436238,13,4,1,1,0,5,1,0,
09/19/2021,-28,507,28456,70309,6378585,204,55,38,1,831,10494857,13,4,1,1,0,5,1,0,
09/20/2021,60,567,29008,54587,6433172,209,59,40,1,832,10545772,13,4,1,1,0,5,1,0,
09/21/2021,36,603,29596,88400,6521572,241,60,39,1,833,10594601,14,4,1,1,0,5,1,0,
09/22/2021,25,628,30216,92524,6614096,257,58,37,3,836,10655430,13,4,1,1,0,5,1,0,
09/23/2021,138,766,30961,96298,6710394,257,60,41,4,840,10717838,13,4,1,1,0,5,1,0,
09/24/2021,-33,733,31679,101878,6812272,297,66,41,1,841,10774358,15,4,1,1,0,5,1,0,
09/25/2021,114,847,32515,60730,6873002,321,65,45,1,842,10833700,14,4,1,1,0,5,1,0,
09/26/2021,-68,779,33273,59691,6932693,325,73,54,2,844,10880022,12,4,1,1,0,5,1,0,
09/27/2021,-74,705,33967,49514,6982207,363,75,54,1,845,10931274,13,4,1,1,0,5,1,0,
09/28/2021,162,867,34975,91292,7073499,375,81,61,4,849,10980724,12,4,1,1,0,5,1,0,
09/29/2021,83,950,35904,90066,7163565,371,81,55,7,856,11042046,12,4,1,1,0,5,1,0,
09/30/2021,488,1438,37333,84711,7248276,398,83,57,5,861,11107543,12,4,1,1,0,5,1,0,
10/01/2021,-295,1143,38464,94259,7342535,395,87,59,3,864,11170426,11,4,1,1,0,5,1,0,
10/02/2021,345,1488,39749,91450,7433985,429,97,54,2,866,11241650,11,4,1,1,0,5,1,0,
10/03/2021,-268,1220,41128,72198,7506183,476,98,57,3,869,11312925,12,4,1,1,0,5,1,0,
10/04/2021,157,1377,42494,50017,7556200,498,96,59,4,873,11380714,10,4,1,1,0,5,1,0,
10/05/2021,386,1763,44251,96337,7652537,517,101,66,4,877,11442903,11,4,1,1,0,5,1,0,
10/06/2021,-343,1420,45664,95600,7748137,525,94,53,11,888,11514354,10,4,1,1,0,5,1,0,
10/07/2021,218,1638,47266,96248,7844385,564,115,74,2,890,11591592,9,4,1,1,0,5,1,0,
10/08/2021,200,1838,49089,95301,7939686,620,114,76,5,895,11669146,9,4,1,1,0,5,1,0,
10/09/2021,127,1965,51012,97753,8037439,578,117,83,5,900,11742589,9,4,1,1,0,5,1,0,
10/10/2021,-75,1890,52884,80974,8118413,609,126,88,5,905,11816694,10,4,1,1,0,5,1,0,
10/11/2021,-278,1612,54470,57486,8175899,677,133,94,8,913,11889832,7,4,1,1,0,5,1,0,
10/12/2021,-146,1466,55898,91042,8266941,675,144,100,8,921,11958341,7,4,1,1,0,5,1,0,
10/13/2021,106,1572,57467,97303,8364244,705,146,92,13,934,12037541,8,4,1,1,0,5,1,0,
10/14/2021,725,2297,59710,97617,8461861,706,147,100,11,945,12120303,9,4,1,1,0,5,1,0,
10/15/2021,-118,2179,61869,99326,8561187,695,157,101,6,951,12194245,11,4,1,1,0,5,1,0,
10/16/2021,-186,1993,63836,99193,8660380,798,163,106,6,957,12273459,12,4,1,1,0,5,1,0,
10/17/2021,-155,1838,65605,77225,8737605,777,151,94,6,963,12346960,11,4,1,1,0,5,1,0,
10/18/2021,65,1903,67457,55839,8793444,851,155,103,7,970,12416785,8,4,1,1,0,5,1,0,
10/19/2021,-154,1749,69179,100294,8893738,784,149,100,11,981,12485487,9,4,1,1,0,5,1,0,
10/20/2021,93,1842,70998,101590,8995328,786,147,97,12,993,12564415,11,4,1,1,0,5,1,0,
10/21/2021,393,2235,73151,98577,9093905,779,141,96,12,1005,12643959,12,3,1,1,0,5,1,0,
10/22/2021,-75,2160,75165,102026,9195931,784,145,94,16,1021,12720995,11,3,1,0,10,15,1,0,
10/23/2021,-410,1750,76886,99558,9295489,770,144,90,9,1030,12793853,10,3,1,0,10,15,1,0,
10/24/2021,185,1935,78763,77425,9372914,787,146,93,11,1041,12863477,11,3,1,0,10,15,1,0,
10/25/2021,-474,1461,80152,48097,9421011,802,152,92,7,1048,12920382,11,3,1,0,10,15,1,0,
10/26/2021,49,1510,81651,87536,9508547,817,147,88,4,1052,12976061,10,3,1,0,10,15,1,0,
10/27/2021,24,1534,83098,77871,9586418,748,138,87,13,1065,13059271,10,3,1,0,10,15,1,0,
10/28/2021,389,1923,84942,70773,9657191,746,137,85,25,1090,13141919,9,3,1,0,10,15,1,0,
10/29/2021,-267,1656,86563,71641,9728832,738,130,85,10,1100,13212099,8,1,0,0,10,500,0,0,
10/30/2021,-301,1355,87894,69817,9798649,747,135,83,11,1111,13280583,8,1,0,0,10,500,0,0,
10/31/2021,-319,1036,88824,51873,9850522,702,128,80,11,1122,13337351,9,1,0,0,10,500,0,0,
11/01/2021,435,1471,90261,26810,9877332,699,136,86,3,1125,13383416,8,1,0,0,10,500,0,0,
11/02/2021,-482,989,91217,59072,9936404,667,127,76,9,1134,13431418,9,1,0,0,10,500,0,0,
11/03/2021,-48,941,92126,17019,9953423,657,117,69,8,1142,13494696,11,1,0,0,10,500,0,0,
11/04/2021,306,1247,93339,59105,10012528,660,114,78,9,1151,13544876,11,1,0,0,10,500,0,0,
11/05/2021,96,1343,94669,57042,10069570,634,109,73,10,1161,13611031,9,1,0,0,10,500,0,0,
11/06/2021,-75,1268,95917,54514,10124084,651,106,70,7,1168,13676441,8,1,0,0,10,500,0,0,
11/07/2021,-95,1173,97043,32054,10156138,568,96,63,9,1177,13733090,7,1,0,0,10,500,0,0,
11/08/2021,-47,1126,98130,15633,10171771,556,91,54,5,1182,13777569,8,1,0,0,10,500,0,0,
11/09/2021,-57,1069,99183,41981,10213752,579,90,55,10,1192,13825363,8,1,0,0,10,500,0,0,
11/10/2021,-66,1003,100162,38478,10252230,471,84,46,14,1206,13896964,8,1,0,0,10,500,0,0,
11/11/2021,310,1313,101451,37205,10289435,457,79,48,3,1209,13964069,8,1,0,0,10,500,0,0,
11/12/2021,-198,1115,102552,37355,10326790,426,82,50,9,1218,14031994,11,1,0,0,10,500,0,0,
11/13/2021,106,1221,103760,38375,10365165,405,77,51,4,1222,14092812,8,1,0,0,10,500,0,0,
11/14/2021,-316,905,104646,21153,10386318,394,75,46,4,1226,14157030,11,1,0,0,10,500,0,0,
11/15/2021,-45,860,105484,9651,10395969,378,78,48,5,1231,14205134,9,1,0,0,10,500,0,0,
11/16/2021,-63,797,106262,29818,10425787,394,72,44,8,1239,14258661,6,1,0,0,10,500,0,0,
11/17/2021,199,996,107245,27046,10452833,357,58,35,9,1248,14330671,4,1,0,0,10,500,0,0,
11/18/2021,11,1007,108231,25620,10478453,337,63,34,12,1260,14402941,5,1,0,0,10,500,0,0,
11/19/2021,266,1273,109495,25292,10503745,330,57,30,8,1268,14475961,6,0,0,0,500,1000,0,0,
11/20/2021,-107,1166,110662,20105,10523850,312,55,24,5,1273,14540011,6,0,0,0,500,1000,0,0,
11/21/2021,109,1275,111926,16187,10540037,317,56,25,4,1277,14601661,6,0,0,0,500,1000,0,0,
11/22/2021,-246,1029,112942,2641,10542678,316,44,23,3,1280,14651479,6,0,0,0,500,1000,0,0,
11/23/2021,-202,827,113755,32282,10574960,303,44,23,18,1298,14699906,8,0,0,0,500,1000,0,0,
11/24/2021,369,1196,114943,17690,10592650,284,52,29,3,1301,14772660,6,0,0,0,500,1000,0,0,
11/25/2021,58,1254,116189,19515,10612165,310,48,31,5,1306,14848008,7,0,0,0,500,1000,0,0,
11/26/2021,108,1362,117544,20478,10632643,308,46,26,7,1313,14921427,9,0,0,0,500,1000,0,0,
11/27/2021,-110,1252,118777,20295,10652938,299,42,22,5,1318,14978719,9,0,0,0,500,1000,0,0,
11/28/2021,-191,1061,119815,8177,10661115,283,44,20,4,1322,15031649,12,0,0,0,500,1000,0,0,
11/29/2021,-54,1007,120814,3486,10664601,300,45,17,3,1325,15080046,10,0,0,0,500,1000,0,0,
11/30/2021,-89,918,121727,16552,10681153,305,41,19,6,1331,15125704,10,0,0,0,500,1000,0,0,
12/01/2021,261,1179,122890,13946,10695099,299,43,18,5,1336,15199956,11,0,0,0,500,1000,0,0,
12/02/2021,240,1419,124299,14820,10709919,288,41,20,10,1346,15270299,7,0,0,0,500,1000,0,0,
12/03/2021,-230,1189,125474,15365,10725284,289,43,22,11,1357,15333513,4,0,0,0,500,1000,0,0,
12/04/2021,176,1365,126823,15518,10740802,288,44,20,8,1365,15401058,3,0,0,0,500,1000,0,0,
12/05/2021,-385,980,127789,7151,10747953,299,40,16,7,1372,15466507,2,0,0,0,500,1000,0,0,
12/06/2021,93,1073,128849,3106,10751059,310,45,19,6,1378,15522844,3,0,0,0,500,1000,0,0,
12/07/2021,112,1185,130029,13204,10764263,297,47,25,7,1385,15575101,6,0,0,0,500,1000,0,0,
12/08/2021,127,1312,131325,12100,10776363,303,51,27,5,1390,15654591,6,0,0,0,500,1000,0,0,
12/09/2021,-80,1232,132542,13303,10789666,315,52,27,9,1399,15725769,5,0,0,0,500,1000,0,0,
12/10/2021,-26,1206,133734,13587,10803253,313,61,25,2,1401,15792553,5,0,0,0,500,1000,0,0,
12/11/2021,-13,1193,134911,14233,10817486,323,68,29,13,1414,15875448,6,0,0,0,500,1000,0,0,
12/12/2021,-124,1069,135959,6792,10824278,310,74,37,2,1416,15942760,3,0,0,0,500,1000,0,0,
12/13/2021,221,1290,137227,5115,10829393,323,77,40,2,1418,15997882,5,0,0,0,500,1000,0,0,
12/14/2021,-101,1189,138409,26248,10855641,364,80,44,6,1424,16052349,4,0,0,0,500,1000,0,0,
12/15/2021,216,1405,139804,30874,10886515,365,84,46,3,1427,16129415,5,0,0,0,500,1000,0,0,
12/16/2021,217,1622,141415,36193,10922708,384,87,49,9,1436,16210256,4,0,0,0,500,1000,0,0,
12/17/2021,-112,1510,142907,39640,10962348,386,82,43,7,1443,16292557,3,0,0,0,500,1000,0,0,
12/18/2021,-6,1504,144342,41847,11004195,384,84,43,7,1450,16380640,6,0,0,0,500,1000,0,0,
12/19/2021,-264,1240,145570,18370,11022565,392,81,41,4,1454,16456673,4,0,0,0,500,1000,0,0,
12/20/2021,62,1302,146859,9813,11032378,406,81,43,0,1454,16528164,2,0,0,0,500,1000,0,0,
12/21/2021,-57,1245,148089,44601,11076979,392,73,43,6,1460,16595052,2,0,0,0,500,1000,0,0,
12/22/2021,258,1503,149595,47579,11124558,394,70,41,6,1466,16687314,6,0,0,0,500,1000,0,0,
12/23/2021,502,2005,151577,49594,11174152,398,72,39,10,1476,16772426,4,0,0,0,500,1000,0,0,
12/24/2021,90,2095,153631,43037,11217189,397,75,40,8,1484,16853991,3,0,0,0,500,1000,0,0,
12/25/2021,13,2108,155739,0,11217189,361,71,42,6,1490,16937447,1,0,0,0,500,1000,0,0,
12/26/2021,-500,1608,157167,0,11217189,374,77,43,2,1492,17009966,-6,0,0,0,500,1000,0,0,
12/27/2021,391,1999,159147,24219,11241408,368,80,38,3,1495,17067784,-7,0,0,0,500,1000,0,0,
12/28/2021,739,2738,161845,5647,11247055,361,69,33,4,1499,17134467,-4,0,0,0,500,1000,0,0,
12/29/2021,1029,3767,165595,5073,11252128,397,62,28,5,1504,17209599,-3,0,0,0,500,1000,0,0,
12/30/2021,1370,5137,170695,29600,11281728,395,55,23,14,1518,17290692,-1,0,0,0,500,1000,0,0,
12/31/2021,782,5919,176534,30301,11312029,428,54,21,7,1525,17357466,-2,0,0,0,500,1000,0,0,
01/01/2022,1523,7442,183901,0,11312029,451,51,21,9,1534,17420492,0,0,0,0,500,1000,0,0,
01/02/2022,-270,7172,190999,0,11312029,472,52,22,3,1537,17468744,5,0,0,0,500,1000,0,0,
01/03/2022,1405,8577,199528,27999,11340028,491,56,24,3,1540,17512912,3,0,0,0,500,1000,0,0,
01/04/2022,5443,14020,213490,8449,11348477,516,56,24,2,1542,17573427,3,0,0,0,500,1000,0,0,
01/05/2022,3616,17636,230919,52803,11401280,591,53,20,11,1553,17633109,1,0,0,0,500,1000,0,0,
01/06/2022,4361,21997,252662,60852,11462132,631,100,22,6,1559,17697970,3,0,0,0,500,1000,0,0,
01/07/2022,-269,21728,274123,63526,11525658,644,106,24,6,1565,17766172,4,0,0,0,500,1000,0,0,
01/08/2022,29628,51356,321118,61244,11586902,731,109,22,9,1574,17855690,3,0,0,0,500,1000,0,0,
01/09/2022,-7201,44155,362350,37757,11624659,752,104,23,4,1578,17939683,5,0,0,0,500,1000,0,0,
01/10/2022,-9347,34808,395581,23640,11648299,818,118,28,2,1580,18017776,6,0,0,0,500,1000,0,0,
01/11/2022,3186,37994,432090,69797,11718096,861,117,27,13,1593,18077446,8,0,0,0,500,1000,0,0,
01/12/2022,2133,40127,470594,81602,11799698,946,112,31,21,1614,18139076,9,0,0,0,500,1000,0,0,
01/13/2022,-2958,37169,507932,83865,11883563,953,69,29,25,1639,18201482,8,0,0,0,500,1000,0,0,
01/14/2022,-2333,34836,542713,85490,11969053,976,112,30,18,1657,18263927,7,0,0,0,500,1000,0,0,
01/15/2022,-9310,25526,568012,84523,12053576,1054,115,30,24,1681,18323879,6,0,0,0,500,1000,0,0,
01/16/2022,2602,28128,596698,48664,12102240,1114,122,35,8,1689,18382910,6,0,0,0,500,1000,0,0,
01/17/2022,-5699,22429,619211,29759,12131999,1229,129,38,5,1694,18432608,6,0,0,0,500,1000,0,0,
01/18/2022,-2249,20180,629748,79303,12211302,1152,127,43,23,1717,18472333,7,0,0,0,500,1000,0,0,
01/19/2022,589,20769,651133,76918,12288220,1173,125,42,19,1736,18522171,7,0,0,0,500,1000,0,0,
01/20/2022,1197,21966,671981,79496,12367716,1206,122,40,10,1746,18573238,8,0,0,0,500,1000,0,0,
01/21/2022,-3799,18167,690406,94720,12462436,1096,121,34,25,1771,18616357,5,0,0,0,500,1000,0,0,
01/22/2022,-2151,16016,706539,92697,12555133,1029,120,39,20,1791,18655536,5,0,0,0,500,1000,0,0,
01/23/2022,-2925,13091,719727,59462,12614595,1002,120,44,6,1797,18687971,3,0,0,0,500,1000,0,0,
01/24/2022,-1396,11695,731273,39994,12654589,998,119,47,10,1807,18709646,4,0,0,0,500,1000,0,0,
01/25/2022,3141,14836,745904,87779,12742368,1057,119,45,24,1831,18740372,4,0,0,0,500,1000,0,0,
01/26/2022,-1329,13507,759406,89873,12832241,1089,113,40,54,1885,18775207,3,0,0,0,500,1000,0,0,
01/27/2022,248,13755,773085,29237,12861478,1057,117,40,15,1900,18806425,3,0,0,0,500,1000,0,0,
01/28/2022,-1000,12755,785819,81476,12942954,988,114,40,39,1939,18830892,3,0,0,0,500,1000,0,0,
01/29/2022,-505,12250,798228,78529,13021483,953,114,39,31,1970,18862314,5,0,0,0,500,1000,0,0,
01/30/2022,-1661,10589,808781,50285,13071768,889,111,35,18,1988,18887486,6,0,0,0,500,1000,0,0,
01/31/2022,-536,10053,818703,29582,13101350,873,102,33,7,1995,18908345,5,0,0,0,500,1000,0,0,
02/01/2022,1258,11311,829878,67648,13168998,851,106,30,34,2029,18931880,3,0,0,0,500,1000,0,0,
02/02/2022,3242,14553,845124,66182,13235180,768,99,31,25,2054,18966910,3,0,0,0,500,1000,0,0,
02/03/2022,-2396,12157,857522,66306,13301486,752,82,29,34,2088,18996221,6,0,0,0,500,1000,0,0,
02/04/2022,-917,11240,868594,63943,13365429,707,79,29,36,2124,19020958,7,0,0,0,500,1000,0,0,
02/05/2022,-3430,7810,877920,66381,13431810,687,80,31,41,2165,19043054,6,0,0,0,500,1000,0,0,
02/06/2022,-641,7169,884839,41491,13473301,652,73,28,6,2171,19063678,5,0,0,0,500,1000,0,0,
02/07/2022,1106,8275,892934,25048,13498349,638,72,26,7,2178,19080016,8,0,0,0,500,1000,0,0,
02/08/2022,1510,9785,902481,61746,13560095,575,72,30,20,2198,19099420,7,0,0,0,500,1000,0,0,
02/09/2022,123,9908,912172,59837,13619932,542,71,27,21,2219,19127580,7,0,0,0,500,1000,0,0,
02/10/2022,-517,9391,921397,58937,13678869,543,75,23,16,2235,19151446,7,0,0,0,500,1000,0,0,
02/11/2022,-870,8521,929670,57267,13736136,553,82,23,12,2247,19173643,7,0,0,0,500,1000,0,0,
02/12/2022,-1297,7224,936667,57420,13793556,487,79,20,19,2266,19193507,6,0,0,0,500,1000,0,0,
02/13/2022,-1,7223,943663,35523,13829079,465,62,17,18,2284,19212685,6,0,0,0,500,1000,0,0,
02/14/2022,-119,7104,950521,16778,13845857,465,66,18,2,2286,19227531,7,0,0,0,500,1000,0,0,
02/15/2022,1058,8162,958479,47193,13893050,441,67,14,20,2306,19243677,6,0,0,0,500,1000,0,0,
02/16/2022,-13,8149,966478,43309,13936359,397,68,13,18,2324,19266955,6,0,0,0,500,1000,0,0,
02/17/2022,352,8501,974789,42211,13978570,401,78,16,9,2333,19290638,7,0,0,0,500,1000,0,0,
02/18/2022,-1566,6935,981576,39535,14018105,379,64,16,14,2347,19309157,6,0,0,0,500,1000,0,0,
02/19/2022,-655,6280,987725,41946,14060051,365,55,13,20,2367,19327504,6,0,0,0,500,1000,0,0,
02/20/2022,-1413,4867,992424,26216,14086267,358,51,12,9,2376,19344636,6,0,0,0,500,1000,0,0,
02/21/2022,744,5611,997891,14306,14100573,361,49,11,3,2379,19355856,3,0,0,0,500,1000,0,0,
02/22/2022,1175,6786,1004549,37093,14137666,345,48,8,13,2392,19371231,-1,0,0,0,500,1000,0,0,
02/23/2022,140,6926,1011358,34161,14171827,319,46,8,18,2410,19394127,0,0,0,0,500,1000,0,0,
02/24/2022,-211,6715,1017972,31469,14203296,322,43,5,16,2426,19415349,1,0,0,0,500,1000,0,0,
02/25/2022,-135,6580,1024397,31942,14235238,301,38,4,11,2437,19434412,2,0,0,0,500,1000,0,0,
02/26/2022,-706,5874,1030021,30895,14266133,281,43,5,15,2452,19452040,5,0,0,0,500,1000,0,0,
02/27/2022,-822,5052,1034945,18434,14284567,274,38,5,17,2469,19468005,8,0,0,0,500,1000,0,0,
02/28/2022,800,5852,1040755,9023,14293590,283,42,7,3,2472,19481752,8,0,0,0,500,1000,0,0,
03/01/2022,1027,6879,1047412,25359,14318949,255,41,5,18,2490,19495293,8,0,0,0,500,1000,0,0,
03/02/2022,247,7126,1054417,21794,14340743,264,37,5,27,2517,19518627,8,0,0,0,500,1000,0,0,
03/03/2022,-33,7093,1061408,20177,14360920,262,33,5,23,2540,19538190,7,0,0,0,500,1000,0,0,
03/04/2022,-548,6545,1067857,20642,14381562,245,28,7,26,2566,19557576,6,0,0,0,500,1000,0,0,
03/05/2022,-824,5721,1073518,21705,14403267,250,28,8,24,2590,19570868,6,0,0,0,500,1000,0,0,
03/06/2022,-675,5046,1078462,14529,14417796,219,27,7,4,2594,19586019,6,0,0,0,500,1000,0,0,
03/07/2022,599,5645,1084018,6591,14424387,227,29,7,2,2596,19598972,6,0,0,0,500,1000,0,0,
03/08/2022,1398,7043,1091012,22483,14446870,203,29,4,6,2602,19613443,7,0,0,0,500,1000,0,0,
03/09/2022,38,7081,1097997,21804,14468674,196,32,3,9,2611,19633556,5,0,0,0,500,1000,0,0,
03/10/2022,698,7779,1105640,22636,14491310,188,32,3,8,2619,19653136,4,0,0,0,500,1000,0,0,
03/11/2022,-968,6811,1112363,22793,14514103,185,27,3,10,2629,19671659,5,0,0,0,500,1000,0,0,
03/12/2022,-736,6075,1118305,27038,14541141,175,22,4,11,2640,19688532,6,0,0,0,500,1000,0,0,
03/13/2022,-883,5192,1123413,19691,14560832,195,25,8,4,2644,19702832,8,0,0,0,500,1000,0,0,
03/14/2022,307,5499,1128832,8824,14569656,198,25,7,1,2645,19713410,7,0,0,0,500,1000,0,0,
03/15/2022,1961,7460,1136213,7693,14577349,197,24,6,4,2649,19725282,8,0,0,0,500,1000,0,0,
03/16/2022,1966,9426,1145594,25123,14602472,201,24,6,8,2657,19739595,7,0,0,0,500,1000,0,0,
03/17/2022,326,9752,1155302,22733,14625205,197,23,4,7,2664,19762609,7,0,0,0,500,1000,0,0,
03/18/2022,-716,9036,1164063,21619,14646824,199,23,5,9,2673,19783260,7,0,0,0,500,1000,0,0,
03/19/2022,-1189,7847,1171736,24579,14671403,210,23,5,2,2675,19801658,7,0,0,0,500,1000,0,0,
03/20/2022,-1153,6694,1178237,20355,14691758,215,21,6,0,2675,19818623,6,0,0,0,500,1000,0,0,
03/21/2022,837,7531,1185645,10650,14702408,248,20,5,0,2675,19831384,7,0,0,0,500,1000,0,0,
03/22/2022,2063,9594,1195179,22411,14724819,256,24,5,7,2682,19799696,9,0,0,0,500,1000,0,0,
03/23/2022,877,10471,1205520,20557,14745376,243,23,4,11,2693,19831384,10,0,0,0,500,1000,0,0,
03/24/2022,-212,10259,1215677,17716,14763092,244,25,2,11,2704,19842436,7,0,0,0,500,1000,0,0,
03/25/2022,-1015,9244,1224825,19589,14782681,253,19,4,9,2713,19860220,8,0,0,0,500,1000,0,0,
03/26/2022,-895,8349,1233052,21672,14804353,250,18,4,9,2722,19877518,9,0,0,0,500,1000,0,0,
03/27/2022,-883,7466,1240399,17586,14821939,260,19,4,5,2727,19894888,10,0,0,0,500,1000,0,0,
03/28/2022,1273,8739,1249045,8390,14830329,252,21,6,0,2727,19909041,9,0,0,0,500,1000,0,0,
03/29/2022,2177,10916,1259745,18449,14848778,284,33,6,5,2732,19934391,9,0,0,0,500,1000,0,0,
03/30/2022,833,11749,1271422,16155,14864933,280,18,5,7,2739,19958896,9,0,0,0,500,1000,0,0,
03/31/2022,-457,11292,1282623,14392,14879325,312,14,4,4,2743,19982645,8,0,0,0,500,1000,0,0,
04/01/2022,-868,10424,1292898,13696,14893021,310,12,3,6,2749,20005579,7,0,0,0,500,1000,0,0,
04/02/2022,-1275,9149,1301815,13270,14906291,306,15,2,3,2752,20025277,8,0,0,0,500,1000,0,0,
04/03/2022,-141,9008,1310667,11215,14917506,307,18,3,2,2754,20044617,8,0,0,0,500,1000,0,0,
04/04/2022,1003,10011,1320174,5225,14922731,305,17,3,1,2755,20057243,7,0,0,0,500,1000,0,0,
04/05/2022,1996,12007,1331498,12985,14935716,339,18,4,8,2763,20074813,7,0,0,0,500,1000,0,0,
04/06/2022,143,12150,1342013,12215,14947931,331,16,4,3,2766,20100977,7,0,0,0,500,1000,0,0,
04/07/2022,164,12314,1354194,12313,14960244,283,12,2,4,2770,20123255,11,0,0,0,500,1000,0,0,
04/08/2022,-1122,11192,1364840,11274,14971518,335,12,3,4,2774,20147720,9,0,0,0,500,1000,0,0,
04/09/2022,-1582,9610,1372752,11946,14983464,366,15,3,7,2781,20167488,7,0,0,0,500,1000,0,0,
04/10/2022,-100,9510,1382188,7705,14991169,356,16,1,1,2782,20187219,4,0,0,0,500,1000,0,0,
04/11/2022,87,9597,1391087,4280,14995449,381,20,1,1,2783,20202400,7,0,0,0,500,1000,0,0,
04/12/2022,696,10293,1399921,14318,15009767,376,19,2,12,2795,20218677,5,0,0,0,500,1000,0,0,
04/13/2022,614,10907,1410186,12476,15022243,391,19,2,14,2809,20241526,6,0,0,0,500,1000,0,0,
04/14/2022,-445,10462,1420083,13022,15035265,392,19,4,14,2823,20262105,7,0,0,0,500,1000,0,0,
04/15/2022,-798,9664,1429176,12922,15048187,392,19,4,7,2830,20262105,6,0,0,0,500,1000,0,0,
04/16/2022,-105,9559,1438460,1633,15049820,403,21,8,8,2838,20300305,6,0,0,0,500,1000,0,0,
04/17/2022,-1406,8153,1446442,2103,15051923,403,21,10,2,2840,20300305,8,0,0,0,500,1000,0,0,
04/18/2022,-235,7918,1452504,595,15052518,403,21,10,1,2841,20300305,8,0,0,0,500,1000,0,0,
04/19/2022,1058,8976,1460939,1824,15054342,443,31,10,7,2848,20337360,7,0,0,0,500,1000,0,0,
04/20/2022,1652,10628,1471330,15200,15069542,437,34,12,12,2860,20353228,7,0,0,0,500,1000,0,0,
04/21/2022,46,10674,1481727,15487,15085029,444,35,11,11,2871,20373828,8,0,0,0,500,1000,0,0,
04/22/2022,-1235,9439,1490679,15313,15100342,428,30,8,16,2887,20392796,9,0,0,0,500,1000,0,0,
04/23/2022,-1319,8120,1498555,15181,15115523,428,30,8,11,2898,20392796,9,0,0,0,500,1000,0,0,
04/24/2022,-1016,7104,1505536,7364,15122887,428,30,8,2,2900,20392796,10,0,0,0,500,1000,0,0,
04/25/2022,539,7643,1513000,2670,15125557,428,30,9,2,2902,20392796,10,0,0,0,500,1000,0,0,
04/26/2022,1622,9265,1521951,1582,15127139,455,33,9,17,2919,20444223,8,0,0,0,500,1000,0,0,
04/27/2022,1469,10734,1531632,14915,15142054,456,32,8,13,2932,20459742,8,0,0,0,500,1000,0,0,
04/28/2022,-307,10427,1541564,14514,15156568,445,35,7,9,2941,20479396,8,0,0,0,500,1000,0,0,
04/29/2022,656,11083,1552351,13913,15170481,428,35,5,7,2948,20500080,10,0,0,0,500,1000,0,0,
04/30/2022,-2019,9064,1561288,14032,15184513,428,35,3,19,2967,20500080,10,0,0,0,500,1000,0,0,
05/01/2022,-1410,7654,1568836,6273,15190786,428,35,3,7,2974,20500080,10,0,0,0,500,1000,0,0,
05/02/2022,455,8109,1576692,2452,15193238,456,26,4,1,2975,20543926,10,0,0,0,500,1000,0,0,
05/03/2022,2075,10184,1586515,12295,15205533,482,25,6,12,2987,20557740,10,0,0,0,500,1000,0,0,
05/04/2022,595,10779,1597464,13373,15218906,473,25,6,11,2998,20576892,9,0,0,0,500,1000,0,0,
05/05/2022,817,11596,1608991,14682,15233588,492,29,7,14,3012,20596320,9,0,0,0,500,1000,0,0,
05/06/2022,-1291,10305,1619166,14614,15248202,502,31,8,9,3021,20614947,9,0,0,0,500,1000,0,0,
05/07/2022,-940,9365,1628391,14646,15262848,494,35,6,9,3030,20631534,9,0,0,0,500,1000,0,0,
05/08/2022,-621,8744,1636997,5661,15268509,491,38,8,4,3034,20648572,8,0,0,0,500,1000,0,0,
05/09/2022,1287,10031,1646973,1656,15270165,491,43,5,0,3034,20662004,9,0,0,0,500,1000,0,0,
05/10/2022,2691,12722,1659560,13615,15283780,519,34,7,18,3052,20675734,10,0,0,0,500,1000,0,0,
05/11/2022,1251,13973,1673414,15306,15299086,533,33,5,16,3068,20699300,10,0,0,0,500,1000,0,0,
05/12/2022,360,14333,1687614,15545,15314631,545,29,8,15,3083,20720470,8,0,0,0,500,1000,0,0,
05/13/2022,-1152,13181,1700696,16567,15331198,491,25,6,18,3101,20742607,9,0,0,0,500,1000,0,0,
05/14/2022,-1021,12160,1712737,14971,15346169,524,24,4,22,3123,20762596,10,0,0,0,500,1000,0,0,
05/15/2022,-1963,10197,1722831,5519,15351688,528,27,4,10,3133,20779993,11,0,0,0,500,1000,0,0,
05/16/2022,1267,11464,1734100,2439,15354127,526,31,2,5,3138,20794566,11,0,0,0,500,1000,0,0,
05/17/2022,2230,13694,1747754,14615,15368742,516,31,3,20,3158,20809061,10,0,0,0,500,1000,0,0,
05/18/2022,526,14220,1761778,16837,15385579,510,31,5,22,3180,20834403,10,0,0,0,500,1000,0,0,
05/19/2022,-1019,13201,1774871,17039,15402618,512,32,7,13,3193,20855191,10,0,0,0,500,1000,0,0,
05/20/2022,-645,12556,1787284,17134,15419752,514,35,8,23,3216,20875884,10,0,0,0,500,1000,0,0,
05/21/2022,-631,11925,1799171,15712,15435464,552,25,7,21,3237,20894990,11,0,0,0,500,1000,0,0,
05/22/2022,-2618,9307,1808418,5318,15440782,541,29,8,10,3247,20910273,12,0,0,0,500,1000,0,0,
05/23/2022,-336,8971,1817339,2479,15443261,555,29,8,5,3252,20922368,13,0,0,0,500,1000,0,0,
05/24/2022,2685,11656,1828848,13497,15456758,545,36,7,16,3268,20935504,10,0,0,0,500,1000,0,0,
05/25/2022,1367,13023,1841737,15633,15472391,567,37,8,64,3332,20956145,12,0,0,0,500,1000,0,0,
05/26/2022,-602,12421,1854017,15380,15487771,559,34,8,18,3350,20974955,11,0,0,0,500,1000,0,0,
05/27/2022,-1052,11369,1864748,16738,15504509,571,33,7,9,3359,20993232,13,0,0,0,500,1000,0,0,
05/28/2022,-2632,8737,1872924,15020,15519529,540,32,6,22,3381,21008571,11,0,0,0,500,1000,0,0,
05/29/2022,-1365,7372,1879645,4925,15524454,507,30,4,16,3397,21021761,12,0,0,0,500,1000,0,0,
05/30/2022,916,8288,1887449,2364,15526818,550,37,4,1,3398,21032772,11,0,0,0,500,1000,0,0,
05/31/2022,1307,9595,1896493,13503,15540321,527,31,7,19,3417,21045077,12,0,0,0,500,1000,0,0,
06/01/2022,339,9934,1905867,14906,15555227,528,30,9,15,3432,21062550,14,0,0,0,500,1000,0,0,
06/02/2022,270,10204,1915845,14488,15569715,525,28,8,10,3442,21078605,14,0,0,0,500,1000,0,0,
06/03/2022,-621,9583,1924941,15126,15584841,514,29,10,22,3464,21094316,12,0,0,0,500,1000,0,0,
06/04/2022,-1138,8445,1932610,13728,15598569,509,29,10,16,3480,21107519,13,0,0,0,500,1000,0,0,
06/05/2022,-1368,7077,1938846,4726,15603295,499,28,9,16,3496,21120068,13,0,0,0,500,1000,0,0,
06/06/2022,480,7557,1941785,1669,15604964,476,25,7,14,3510,21130668,12,0,0,0,500,1000,0,0,
06/07/2022,1624,9181,1950178,11968,15616932,514,24,8,12,3522,21142349,14,0,0,0,500,1000,0,0,
06/08/2022,338,9519,1958894,14083,15631015,522,29,8,25,3547,21159438,14,0,0,0,500,1000,0,0,
06/09/2022,-616,8903,1967333,12954,15643969,517,29,5,22,3569,21174054,11,0,0,0,500,1000,0,0,
06/10/2022,-878,8025,1975143,13675,15657644,512,28,5,19,3588,21188609,13,0,0,0,500,1000,0,0,
06/11/2022,-1801,6224,1979139,12135,15669779,454,27,4,23,3611,21201291,14,0,0,0,500,1000,0,0,
06/12/2022,-1458,4766,1983137,3714,15673493,454,27,5,16,3627,21213537,13,0,0,0,500,1000,0,0,
06/13/2022,313,5079,1987679,1224,15674717,444,23,6,3,3630,21218540,12,0,0,0,500,1000,0,0,
06/14/2022,992,6071,1993547,1262,15675979,473,28,6,15,3645,21225526,12,0,0,0,500,1000,0,0,
06/15/2022,2616,8687,2002075,13136,15689115,476,35,8,18,3663,21238689,11,0,0,0,500,1000,0,0,
06/16/2022,-798,7889,2009557,12679,15701794,465,27,9,21,3684,21252063,13,0,0,0,500,1000,0,0,
06/17/2022,-281,7608,2017103,12940,15714734,438,24,7,18,3702,21275050,13,0,0,0,500,1000,0,0,
06/18/2022,-1007,6601,2023660,10852,15725586,419,25,8,29,3731,21283044,14,0,0,0,500,1000,0,0,
06/19/2022,-1129,5472,2029073,3829,15729415,422,27,9,19,3750,21294656,14,0,0,0,500,1000,0,0,
06/20/2022,189,5661,2034602,1238,15730653,418,21,9,0,3750,21303209,13,0,0,0,500,1000,0,0,
06/21/2022,1846,7507,2042033,9787,15740440,434,21,9,28,3778,21313062,13,0,0,0,500,1000,0,0,
06/22/2022,262,7769,2049734,10679,15751119,402,24,10,24,3802,21332405,15,0,0,0,500,1000,0,0,
06/23/2022,-308,7461,2057128,9830,15760949,411,23,11,9,3811,21340107,13,0,0,0,500,1000,0,0,
06/24/2022,262,7723,2064814,10871,15771820,412,27,11,20,3831,21352862,15,0,0,0,500,1000,0,0,
06/25/2022,-1089,6634,2071365,9052,15780872,420,26,8,24,3855,21364806,20,0,0,0,500,1000,0,0,
06/26/2022,-810,5824,2077153,2823,15783695,451,28,8,15,3870,21374776,22,0,0,0,500,1000,0,0,
06/27/2022,481,6305,2083424,1298,15784993,459,26,10,1,3871,21382804,20,0,0,0,500,1000,0,0,
06/28/2022,1453,7758,2091140,7676,15792669,468,35,9,11,3882,21391725,15,0,0,0,500,1000,0,0,
06/29/2022,3019,10777,2101723,8663,15801332,463,25,7,23,3905,21410821,14,0,0,0,500,1000,0,0,
06/30/2022,-851,9926,2110309,8105,15809437,465,21,4,17,3922,21418319,15,0,0,0,500,1000,0,0,
07/01/2022,-1869,8057,2115846,8437,15817874,472,23,5,12,3934,21431044,16,0,0,0,500,1000,0,0,
07/02/2022,-1633,6424,2122203,6904,15824778,462,18,4,13,3947,21443275,15,0,0,0,500,1000,0,0,
07/03/2022,1944,8368,2130528,2349,15827127,476,20,4,22,3969,21453677,13,0,0,0,500,1000,0,0,
07/04/2022,-1051,7317,2137783,724,15827851,513,28,4,24,3993,21461894,13,0,0,0,500,1000,0,0,
07/05/2022,1423,8740,2146469,6813,15834664,543,28,5,16,4009,21470894,15,0,0,0,500,1000,0,0,
07/06/2022,1316,10056,2156482,8143,15842807,523,29,5,24,4033,21485449,15,0,0,0,500,1000,0,0,
07/07/2022,209,10265,2166726,8497,15851304,592,30,5,11,4044,21499305,15,0,0,0,500,1000,0,0,
07/08/2022,-589,9676,2176379,10186,15861490,629,37,4,9,4053,21513381,16,0,0,0,500,1000,0,0,
07/09/2022,-900,8776,2185163,12995,15874485,667,34,5,20,4073,21526426,16,0,0,0,500,1000,0,0,
07/10/2022,-842,7934,2193091,5400,15879885,671,32,4,2,4075,21538045,16,0,0,0,500,1000,0,0,
07/11/2022,755,8689,2201766,1939,15881824,717,30,6,0,4075,21547278,18,0,0,0,500,1000,0,0,
07/12/2022,1938,10627,2212371,23010,15904834,737,39,7,16,4091,21557532,16,0,0,0,500,1000,0,0,
07/13/2022,549,11176,2223522,26855,15931689,739,36,5,20,4111,21572397,15,0,0,0,500,1000,0,0,
07/14/2022,107,11283,2234742,27025,15958714,771,34,9,20,4131,21587698,15,0,0,0,500,1000,0,0,
07/15/2022,-699,10584,2245301,28598,15987312,749,35,8,17,4148,21603125,15,0,0,0,500,1000,0,0,
07/16/2022,-602,9982,2255268,29245,16016557,802,34,8,8,4156,21618681,16,0,0,0,500,1000,0,0,
07/17/2022,-352,9630,2264880,13045,16029602,760,37,7,16,4172,21632456,15,0,0,0,500,1000,0,0,
07/18/2022,621,10251,2275124,3821,16033423,821,35,9,18,4190,21643246,15,0,0,0,500,1000,0,0,
07/19/2022,1950,12201,2287307,24150,16057573,897,34,11,25,4215,21655081,15,0,0,0,500,1000,0,0,
07/20/2022,783,12984,2300268,27332,16084905,906,45,9,28,4243,21673604,16,0,0,0,500,1000,0,0,
07/21/2022,1328,14312,2314561,25585,16110490,875,46,7,37,4280,21689991,17,0,0,0,500,1000,0,0,
07/22/2022,-2034,12278,2326813,26064,16136554,840,33,7,25,4305,21706580,15,0,0,0,500,1000,0,0,
07/23/2022,-1466,10812,2337600,26270,16162824,820,29,6,44,4349,21722621,15,0,0,0,500,1000,0,0,
07/24/2022,-1311,9501,2347086,10957,16173781,849,27,7,12,4361,21737266,15,0,0,0,500,1000,0,0,
07/25/2022,760,10261,2357336,3659,16177440,855,35,10,0,4361,21748328,19,0,0,0,500,1000,0,0,
07/26/2022,2078,12339,2369621,20686,16198126,869,39,12,40,4401,21760337,21,0,0,0,500,1000,0,0,
07/27/2022,314,12653,2382232,21964,16220090,872,33,11,32,4433,21779197,20,0,0,0,500,1000,0,0,
07/28/2022,-499,12154,2394336,20639,16240729,852,33,9,37,4470,21796546,19,0,0,0,500,1000,0,0,
07/29/2022,-1256,10898,2405011,20170,16260899,813,32,10,107,4577,21817095,19,0,0,0,500,1000,0,0,
07/30/2022,-1961,8937,2413873,18971,16279870,837,38,10,61,4638,21832557,19,0,0,0,500,1000,0,0,
07/31/2022,-1822,7115,2420920,7827,16287697,768,43,7,21,4659,21844366,19,0,0,0,500,1000,0,0,
08/01/2022,563,7678,2428539,2386,16290083,773,50,6,2,4661,21854978,17,0,0,0,500,1000,0,0,
08/02/2022,2401,10079,2438371,13676,16303759,802,44,6,13,4674,21866581,16,0,0,0,500,1000,0,0,
08/03/2022,-957,9122,2447381,15569,16319328,743,40,8,6,4680,21882944,15,0,0,0,500,1000,0,0,
08/04/2022,-337,8785,2456101,14123,16333451,723,37,7,9,4689,21897985,16,0,0,0,500,1000,0,0,
08/05/2022,-1283,7502,2463564,13813,16347264,699,39,7,34,4723,21912767,16,0,0,0,500,1000,0,0,
08/06/2022,-1241,6261,2469825,0,16347264,668,36,7,24,4747,21925895,19,0,0,0,500,1000,0,0,
08/07/2022,-1147,5114,2474890,0,16347264,660,40,11,3,4750,21937532,20,0,0,0,500,1000,0,0,
08/08/2022,-203,4911,2479796,19668,16366932,657,37,8,1,4751,21946041,19,0,0,0,500,1000,0,0,
08/09/2022,1469,6380,2486125,9769,16376701,673,32,6,43,4794,21955494,16,0,0,0,500,1000,0,0,
08/10/2022,-482,5898,2492023,10654,16387355,610,30,8,50,4844,21968869,15,0,0,0,500,1000,0,0,
08/11/2022,-348,5550,2497463,9467,16396822,605,27,8,36,4880,21988883,17,0,0,0,500,1000,0,0,
08/12/2022,-370,5180,2502612,9798,16406620,550,30,8,14,4894,21995295,17,0,0,0,500,1000,0,0,
08/13/2022,-880,4300,2506892,0,16406620,543,31,6,22,4916,22007339,17,0,0,0,500,1000,0,0,
08/14/2022,-850,3450,2510325,0,16406620,575,29,6,24,4940,22016555,16,0,0,0,500,1000,0,0,
08/15/2022,198,3648,2513940,13812,16420432,571,27,7,15,4955,22023678,17,0,0,0,500,1000,0,0,
08/16/2022,1210,4858,2518701,7408,16427840,535,25,9,20,4975,22032188,17,0,0,0,500,1000,0,0,
08/17/2022,-126,4732,2523380,8077,16435917,518,29,7,15,4990,22044293,20,0,0,0,500,1000,0,0,
08/18/2022,-316,4416,2527767,7555,16443472,497,27,9,46,5036,22055393,21,0,0,0,500,1000,0,0,
08/19/2022,-559,3857,2531505,7066,16450538,514,27,8,27,5063,22066377,19,0,0,0,500,1000,0,0,
08/20/2022,-503,3354,2534710,0,16450538,471,30,11,30,5093,22075831,16,0,0,0,500,1000,0,0,
08/21/2022,-917,2437,2537053,0,16450538,438,29,12,18,5111,22083432,16,0,0,0,500,1000,0,0,
08/22/2022,163,2600,2539564,10504,16461042,414,28,10,4,5115,22089455,17,0,0,0,500,1000,0,0,
08/23/2022,1038,3638,2543202,5191,16466233,433,26,7,25,5140,22097090,17,0,0,0,500,1000,0,0,
08/24/2022,-279,3359,2546468,5956,16472189,402,24,5,10,5150,22107396,18,0,0,0,500,1000,0,0,
08/25/2022,-98,3261,2549150,5342,16477531,405,22,7,39,5189,22121613,18,0,0,0,500,1000,0,0,
08/26/2022,-326,2935,2551936,5389,16482920,386,18,7,24,5213,22126778,16,0,0,0,500,1000,0,0,
08/27/2022,-403,2532,2554435,0,16482920,377,16,6,39,5252,22135048,15,0,0,0,500,1000,0,0,
08/28/2022,-433,2099,2556519,0,16482920,372,23,6,9,5261,22142105,15,0,0,0,500,1000,0,0,
08/29/2022,48,2147,2558654,8096,16491016,343,22,4,3,5264,22147606,17,0,0,0,500,1000,0,0,
08/30/2022,803,2950,2561590,4076,16495092,337,22,5,18,5282,22154161,21,0,0,0,500,1000,0,0,
08/31/2022,-93,2857,2564340,4457,16499549,333,20,5,25,5307,22163863,19,0,0,0,500,1000,0,0,
09/01/2022,-212,2645,2566951,4520,16504069,332,15,5,18,5325,22172674,15,0,0,0,500,1000,0,0,
09/02/2022,-252,2393,2569344,4248,16508317,295,13,5,16,5341,22181452,16,0,0,0,500,1000,0,0,
09/03/2022,-380,2013,2571289,0,16508317,298,13,5,10,5351,22188970,16,0,0,0,500,1000,0,0,
09/04/2022,-494,1519,2572796,0,16508317,293,15,6,8,5359,22195802,15,0,0,0,500,1000,0,0,
09/05/2022,190,1709,2574489,6275,16514592,266,14,4,4,5363,22200952,16,0,0,0,500,1000,0,0,
09/06/2022,666,2375,2576852,3465,16518057,260,17,3,25,5388,22207382,17,0,0,0,500,1000,0,0,
09/07/2022,-138,2237,2579060,3768,16521825,222,18,3,11,5399,22216752,16,0,0,0,500,1000,0,0,
09/08/2022,-135,2102,2581130,3770,16525595,227,15,4,24,5423,22224965,15,0,0,0,500,1000,0,0,
09/09/2022,4,2106,2583208,3761,16529356,213,13,3,41,5464,22233284,17,0,0,0,500,1000,0,0,